trial,change_status,test_location,sample_stimulus_minus_blank_combined,sample_query_stimulus_minus_blank_combined,sample_loc0_minus_loc3_combined,first_test_target_minus_other_combined,first_test_query_same_minus_other_memory,first_test_t3_query_same_minus_other_visual,first_test_t3_query_same_minus_other_memory,first_test_t3_query_same_minus_other_combined,first_test_t4_query_same_minus_other_visual,first_test_t4_query_same_minus_other_memory,first_test_t4_query_same_minus_other_combined,second_test_target_minus_other_combined,second_test_return_from_gap_combined,second_test_query_same_minus_other_visual,second_test_query_same_minus_other_memory,second_test_query_same_minus_other_combined
0,1,0,-0.028747798715127004,0.02004226914141327,0.004378694835445174,-0.045480897677450116,0.06343251466751099,-0.048408374190330505,-0.00020869821310043335,-0.04861707240343094,-0.04831971228122711,0.1270737275481224,0.0787540152668953,nan,nan,nan,nan,nan
1,1,0,-0.033153607276581454,0.004148671869188547,-0.022852034174761116,-0.05061150902227496,0.04308685287833214,-0.04836224019527435,0.00023859739303588867,-0.048123642802238464,-0.04818977415561676,0.08593510836362839,0.03774533420801163,nan,nan,nan,nan,nan
2,1,0,-0.028519635497165297,0.020743728149682283,0.025155299570037926,-0.04443499333589784,0.06841469556093216,-0.048486098647117615,-0.0003976747393608093,-0.048883773386478424,-0.04837051033973694,0.13722706586122513,0.08885655552148819,nan,nan,nan,nan,nan
3,1,0,-0.03074681596957518,0.012712054653093219,0.0002877352192669491,-0.051865878789925546,0.03802146762609482,-0.04825742542743683,5.1178038120269775e-05,-0.04820624738931656,-0.04830864071846008,0.07599175721406937,0.027683116495609283,nan,nan,nan,nan,nan
4,1,0,-0.03370172739931121,0.0023100939579308033,0.015600474578761236,-0.05235106890165753,0.03612552583217621,-0.048270851373672485,-5.328655242919922e-05,-0.048324137926101685,-0.04824657738208771,0.07230433821678162,0.02405776083469391,nan,nan,nan,nan,nan
5,1,0,-0.02973885639602969,0.016348808887414634,-0.02444298097553599,-0.0490593247799751,0.0489911213517189,-0.04825720191001892,-3.898143768310547e-05,-0.048296183347702026,-0.048203811049461365,0.09802122414112091,0.049817413091659546,nan,nan,nan,nan,nan
6,1,0,-0.03084228775968967,0.012557111447677016,0.013788002748484018,-0.04517977204123724,0.06477796845138073,-0.04843278229236603,-5.227327346801758e-05,-0.048485055565834045,-0.0483366996049881,0.12960821017622948,0.08127151057124138,nan,nan,nan,nan,nan
7,1,0,-0.03247781438385999,0.006463966798037291,-0.00565789236732428,-0.04608211649319571,0.06181492283940315,-0.04850408434867859,4.373490810394287e-06,-0.048499710857868195,-0.048365890979766846,0.12362547218799591,0.07525958120822906,nan,nan,nan,nan,nan
8,1,0,-0.03293136001683905,0.0049162369687110186,0.026588491551748916,-0.048186542233288776,0.05332071892917156,-0.048471689224243164,-1.8551945686340332e-06,-0.0484735444188118,-0.048302143812179565,0.10664329305291176,0.05834114924073219,nan,nan,nan,nan,nan
9,1,0,-0.031793542694693144,0.008933672681450844,-0.03127715118766616,-0.04652073782862942,0.06013714522123337,-0.04846027493476868,-2.1010637283325195e-05,-0.048481285572052,-0.04835951328277588,0.12029530107975006,0.07193578779697418,nan,nan,nan,nan,nan
10,1,0,-0.03198853638197363,0.008303333073854446,-0.031014104979973922,-0.04720340863104866,0.05638175830245018,-0.04831226170063019,7.949769496917725e-06,-0.04830431193113327,-0.048245638608932495,0.11275556683540344,0.06450992822647095,nan,nan,nan,nan,nan
11,1,0,-0.030661200059888927,0.012876998633146286,0.04663270353368887,-0.049190927034288734,0.048597581684589386,-0.04826274514198303,4.7519803047180176e-05,-0.04821522533893585,-0.04819633066654205,0.09714764356613159,0.04895131289958954,nan,nan,nan,nan,nan
12,1,0,-0.03208180741508215,0.0075719282031059265,-0.012908400102944029,-0.04957726915996119,0.04725768230855465,-0.048367828130722046,-5.9373676776885986e-05,-0.04842720180749893,-0.048185497522354126,0.09457473829388618,0.04638924077153206,nan,nan,nan,nan,nan
13,1,0,-0.031596522068987554,0.009722345508635044,-0.029464277510882653,-0.04625622099424476,0.060504624620079994,-0.04844416677951813,-1.5087425708770752e-05,-0.0484592542052269,-0.048341959714889526,0.12102433666586876,0.07268237695097923,nan,nan,nan,nan,nan
14,1,0,-0.031466095780878334,0.010324733098968863,-0.005731418024382151,-0.05176359107727535,0.03855178505182266,-0.048482269048690796,-0.00026717036962509155,-0.04874943941831589,-0.048325315117836,0.07737074047327042,0.029045425355434418,nan,nan,nan,nan,nan
15,1,0,-0.03128170200909253,0.0113896862603724,0.012897640026885426,-0.04971938918043861,0.04701179265975952,-0.04843941330909729,-6.060302257537842e-05,-0.04850001633167267,-0.048258811235427856,0.09408418834209442,0.045825377106666565,nan,nan,nan,nan,nan
16,1,0,-0.032251112031520535,0.007394393673166633,-0.03554992449641503,-0.04505321186115907,0.06571117043495178,-0.048482492566108704,-5.789846181869507e-05,-0.0485403910279274,-0.048376426100730896,0.13148023933172226,0.08310381323099136,nan,nan,nan,nan,nan
17,1,0,-0.029869336625800713,0.016070347046479583,0.002032279562300232,-0.04972068280390829,0.04754785634577274,-0.04844430088996887,-2.1904706954956055e-05,-0.04846620559692383,-0.048293083906173706,0.09511761739850044,0.046824533492326736,nan,nan,nan,nan,nan
18,1,0,-0.03160833297067711,0.009230592753738165,-0.020376322044512563,-0.04601947482250068,0.06170148588716984,-0.04842697083950043,-3.46451997756958e-05,-0.04846161603927612,-0.04836678504943848,0.12343761697411537,0.0750708319246769,nan,nan,nan,nan,nan
19,1,0,-0.03178510754332109,0.009107505669817328,-0.014601710927721001,-0.046716427383003634,0.058554310351610184,-0.048333704471588135,7.571280002593994e-05,-0.048257991671562195,-0.04830385744571686,0.11703290790319443,0.06872905045747757,nan,nan,nan,nan,nan
20,1,0,-0.03000145621680872,0.015366262523457408,0.006566367949119467,-0.051374817105710235,0.04058494046330452,-0.04838745296001434,-7.323920726776123e-06,-0.04839477688074112,-0.048233091831207275,0.08117720484733582,0.03294411301612854,nan,nan,nan,nan,nan
21,1,0,-0.031075876269280656,0.011567700188606977,-0.03733506171430889,-0.04466380648732127,0.06728670932352543,-0.04846435785293579,3.411620855331421e-05,-0.04843024164438248,-0.04838964343070984,0.13453930243849754,0.0861496590077877,nan,nan,nan,nan,nan
22,1,0,-0.029751132778081057,0.016341355862095952,-0.03539274334757181,-0.04954414763113846,0.047512564808130264,-0.04835790395736694,-0.00030243396759033203,-0.048660337924957275,-0.04832810163497925,0.09532756358385086,0.04699946194887161,nan,nan,nan,nan,nan
23,1,0,-0.035515211310546135,-0.005492368247359991,0.004363863756694286,-0.04467187020524932,0.06729452684521675,-0.048482105135917664,-2.4907290935516357e-05,-0.04850701242685318,-0.04837609827518463,0.13461396098136902,0.08623786270618439,nan,nan,nan,nan,nan
24,1,0,-0.03224672383051086,0.0073377040680497885,-0.016089165097213254,-0.05217587538565738,0.03745120018720627,-0.04847157001495361,8.43629240989685e-05,-0.048387207090854645,-0.04826934635639191,0.07481803745031357,0.02654869109392166,nan,nan,nan,nan,nan
25,1,0,-0.02978221226865685,0.01614211336709559,0.02828247400233863,-0.05231577287688083,0.03704633377492428,-0.04846806824207306,4.477798938751221e-05,-0.04842329025268555,-0.04825781285762787,0.07404788956046104,0.025790076702833176,nan,nan,nan,nan,nan
26,1,0,-0.032810951961366186,0.004659617319703102,0.010331807584691433,-0.05132195444333831,0.0406096987426281,-0.048444658517837524,-1.0386109352111816e-05,-0.048455044627189636,-0.048166483640670776,0.0812297835946083,0.03306329995393753,nan,nan,nan,nan,nan
27,1,0,-0.030791093495498245,0.012807311257347465,-0.009769538564405877,-0.050419414931752726,0.04359186254441738,-0.048354700207710266,3.896653652191162e-06,-0.048350803554058075,-0.04821355640888214,0.08717982843518257,0.03896627202630043,nan,nan,nan,nan,nan
28,1,0,-0.031322206135104835,0.010523494333028793,-0.024742849576604442,-0.0439557948874949,0.07051779702305794,-0.04852151870727539,7.937848567962646e-05,-0.048442140221595764,-0.04838000237941742,0.14095621556043625,0.09257621318101883,nan,nan,nan,nan,nan
29,1,0,-0.03480055294991402,-0.003036252688616514,0.017574037978867807,-0.048246715435709575,0.05279400199651718,-0.04835338890552521,-7.806718349456787e-05,-0.048431456089019775,-0.04830397665500641,0.10566607117652893,0.05736209452152252,nan,nan,nan,nan,nan
30,1,0,-0.029639600420463097,0.01666904683224857,-0.038804275862396764,-0.048713054822769664,0.05113113299012184,-0.04850040376186371,8.448958396911621e-06,-0.0484919548034668,-0.0483054518699646,0.10225381702184677,0.05394836515188217,nan,nan,nan,nan,nan
31,1,0,-0.032443448879067915,0.007149934768676758,-0.014852208438561831,-0.04441220205214336,0.06841442361474037,-0.04850272834300995,1.1049211025238037e-05,-0.04849167913198471,-0.04835808277130127,0.1368177980184555,0.08845971524715424,nan,nan,nan,nan,nan
32,1,3,-0.03261719789824724,0.0055401267018169165,-0.016958605760919454,-0.04277262482266053,0.06702330149710178,-0.04794144630432129,7.348507642745972e-05,-0.04786796122789383,-0.0478309690952301,0.1339731179177761,0.086142148822546,nan,nan,nan,nan,nan
33,1,3,-0.028478666980436884,0.020875540329143405,-0.056501067883708345,-0.047263319531005266,0.04901633784174919,-0.04789361357688904,0.00019977986812591553,-0.04769383370876312,-0.04782348871231079,0.09783289581537247,0.050009407103061676,nan,nan,nan,nan,nan
34,1,3,-0.028905266634009052,0.0199443536112085,-0.020047365924618532,-0.04191894915751959,0.07014892995357513,-0.047910138964653015,-5.6721270084381104e-05,-0.047966860234737396,-0.047888025641441345,0.14035458117723465,0.0924665555357933,nan,nan,nan,nan,nan
35,1,3,-0.02842216536636144,0.021653553005307913,-0.008524676184201496,-0.04324126105072423,0.06414908170700073,-0.04787273705005646,-1.430511474609375e-06,-0.04787416756153107,-0.04777368903160095,0.12829959392547607,0.08052590489387512,nan,nan,nan,nan,nan
36,1,3,-0.030213405464131426,0.014724586973898113,0.019585641462853687,-0.04196197522287548,0.07002506591379642,-0.0479871928691864,7.897615432739258e-07,-0.04798640310764313,-0.047840580344200134,0.14004934206604958,0.09220876172184944,nan,nan,nan,nan,nan
37,1,3,-0.03131975947418297,0.010998608311638236,0.024812132511122797,-0.048421717961453226,0.044580211862921715,-0.04792705178260803,1.5050172805786133e-06,-0.047925546765327454,-0.04783405363559723,0.08915891870856285,0.04132486507296562,nan,nan,nan,nan,nan
38,1,3,-0.028736852711347183,0.020389579702168703,-0.041634984874633574,-0.04086776334845865,0.07392756454646587,-0.04798009991645813,-3.6507844924926758e-06,-0.04798375070095062,-0.04785601794719696,0.14785877987742424,0.10000276193022728,nan,nan,nan,nan,nan
39,1,3,-0.030644375949872682,0.013915057992562652,-0.052237514861779744,-0.045361358704269605,0.05658378452062607,-0.04793103039264679,-0.00010306388139724731,-0.04803409427404404,-0.04775087535381317,0.11327063292264938,0.06551975756883621,nan,nan,nan,nan,nan
40,1,3,-0.03021811750280534,0.014645908027887344,-0.010958553603657606,-0.04387745288379108,0.062350159510970116,-0.04791077971458435,7.644295692443848e-06,-0.04790313541889191,-0.047829046845436096,0.12469267472624779,0.07686362788081169,nan,nan,nan,nan,nan
41,1,3,-0.029632663157457273,0.01708484743721783,0.021451343563683167,-0.047777004862865624,0.046459684148430824,-0.04791639745235443,-1.3470649719238281e-05,-0.04792986810207367,-0.04774115979671478,0.09293283894658089,0.045191679149866104,nan,nan,nan,nan,nan
42,1,3,-0.03481067441818908,-0.002919805236160755,-0.01064660852019017,-0.04849502146100804,0.04366302490234375,-0.04789276421070099,0.0002984926104545593,-0.04759427160024643,-0.04774013161659241,0.08702755719423294,0.03928742557764053,nan,nan,nan,nan,nan
43,1,3,-0.03137957844811723,0.010535902110859752,-0.011559089297534797,-0.0488587983326596,0.04242483898997307,-0.04795615375041962,-6.134063005447388e-05,-0.04801749438047409,-0.04775537550449371,0.08491101861000061,0.0371556431055069,nan,nan,nan,nan,nan
44,1,3,-0.03251359686051103,0.006727504078298807,0.009706995271500318,-0.042521017894912916,0.06805191561579704,-0.047994643449783325,1.8924474716186523e-06,-0.04799275100231171,-0.04786321520805359,0.13610193878412247,0.08823872357606888,nan,nan,nan,nan,nan
45,1,3,-0.028315412956253283,0.022191569907590747,-0.04131637378404207,-0.047875979674799396,0.046171076595783234,-0.04789815843105316,-7.305294275283813e-05,-0.047971211373806,-0.04775033891201019,0.0924152061343193,0.04466486722230911,nan,nan,nan,nan,nan
46,1,3,-0.0319566880396458,0.008291995385661721,-0.020680277086349008,-0.04860585398743922,0.0439068078994751,-0.047963276505470276,-0.0002601519227027893,-0.048223428428173065,-0.04773654043674469,0.08807376772165298,0.040337227284908295,nan,nan,nan,nan,nan
47,1,3,-0.0321989000630154,0.00719614396803081,-0.02094836507804132,-0.048302065073521305,0.04522770084440708,-0.04794494807720184,5.3122639656066895e-06,-0.04793963581323624,-0.04783843457698822,0.09045008942484856,0.042611654847860336,nan,nan,nan,nan,nan
48,1,3,-0.03292992277142659,0.004373930860310793,0.015057688379123135,-0.045646218332919375,0.05562347732484341,-0.048005610704422,0.0002949908375740051,-0.04771061986684799,-0.047718361020088196,0.11095196381211281,0.06323360279202461,nan,nan,nan,nan,nan
49,1,3,-0.03411745992230664,0.00028319377452135086,-0.009547737439518755,-0.04928503136939355,0.04109393619000912,-0.04797697067260742,-3.4518539905548096e-05,-0.04801148921251297,-0.04781898856163025,0.08222239091992378,0.03440340235829353,nan,nan,nan,nan,nan
50,1,3,-0.03172181450602096,0.009216683218255639,-0.004096006702596355,-0.04350247647779071,0.06424503773450851,-0.047906190156936646,3.775209188461304e-05,-0.04786843806505203,-0.047825977206230164,0.12845232337713242,0.08062634617090225,nan,nan,nan,nan,nan
51,1,3,-0.030732542747415437,0.01271163928322494,-0.023672542538619723,-0.04658162749967687,0.0520542711019516,-0.04800654947757721,-6.376951932907104e-05,-0.04807031899690628,-0.04786527156829834,0.10417231172323227,0.05630704015493393,nan,nan,nan,nan,nan
52,1,3,-0.0342569420627683,-2.4902168661355972e-05,-0.018203046813340507,-0.046619549899034496,0.05153762176632881,-0.04793927073478699,-1.2293457984924316e-06,-0.04794050008058548,-0.047790899872779846,0.10307647287845612,0.05528557300567627,nan,nan,nan,nan,nan
53,1,3,-0.03081105573940235,0.012241991935297847,0.026175580801854892,-0.04818956575975619,0.04564291052520275,-0.04794880747795105,1.6748905181884766e-05,-0.047932058572769165,-0.04783262312412262,0.09126907214522362,0.043436449021101,nan,nan,nan,nan,nan
54,1,3,-0.03137177952591941,0.010572590166702867,-0.022084931993859414,-0.04177544027219682,0.07060229033231735,-0.047818973660469055,-1.5169382095336914e-05,-0.04783414304256439,-0.04780757427215576,0.14121975004673004,0.09341217577457428,nan,nan,nan,nan,nan
55,1,3,-0.03271850280389543,0.005682132672518492,0.007847645325441022,-0.045509538453046616,0.05501360446214676,-0.047964274883270264,-5.510449409484863e-05,-0.04801937937736511,-0.04786011576652527,0.11008231341838837,0.0622221976518631,nan,nan,nan,nan,nan
56,1,3,-0.031649996911781386,0.00959659251384437,0.02599408909475187,-0.04817350911181961,0.04551849886775017,-0.04795427620410919,-5.364418029785156e-07,-0.04795481264591217,-0.04776988923549652,0.09103753417730331,0.04326764494180679,nan,nan,nan,nan,nan
57,1,3,-0.03478706787052133,-0.0023088580928742886,-0.00031080352956536217,-0.04229004151295612,0.06896378472447395,-0.04793354868888855,-5.410611629486084e-05,-0.04798765480518341,-0.04780508577823639,0.13798167556524277,0.09017658978700638,nan,nan,nan,nan,nan
58,1,3,-0.028622499392110257,0.02057542826514691,0.016756118385437446,-0.0464662315718698,0.05257165990769863,-0.047919780015945435,-6.48200511932373e-07,-0.04792042821645737,-0.04775440692901611,0.1051439680159092,0.05738956108689308,nan,nan,nan,nan,nan
59,1,3,-0.029021477917940075,0.01901824993547052,0.028135865773030844,-0.04733158207949373,0.04864502139389515,-0.047870784997940063,0.00040068477392196655,-0.0474701002240181,-0.04783879220485687,0.09688935801386833,0.04905056580901146,nan,nan,nan,nan,nan
60,1,3,-0.03225206531547542,0.007348525105044246,-0.012631685376419455,-0.04240828363474236,0.06790849938988686,-0.04787059128284454,2.7120113372802734e-06,-0.04786787927150726,-0.047808438539505005,0.13581428676843643,0.08800584822893143,nan,nan,nan,nan,nan
61,1,3,-0.03145307805166553,0.00978727894835174,-0.04455835754455251,-0.050699801263917266,0.035423643887043,-0.04798181354999542,-9.514391422271729e-06,-0.047991327941417694,-0.0477825403213501,0.07085680216550827,0.023074261844158173,nan,nan,nan,nan,nan
62,1,3,-0.030404029152094836,0.01416815968696028,0.01877394371079788,-0.0496500242185931,0.03968326188623905,-0.04797111451625824,-2.0407140254974365e-05,-0.047991521656513214,-0.04769599437713623,0.07938693091273308,0.03169093653559685,nan,nan,nan,nan,nan
63,1,3,-0.034717505240394075,-0.001792574767023325,0.023828555172343613,-0.04383014488290371,0.06203710660338402,-0.04787927865982056,-4.3936073780059814e-05,-0.047923214733600616,-0.04782797396183014,0.1241181492805481,0.07629017531871796,nan,nan,nan,nan,nan
64,0,0,-0.03183408681327293,0.008669477188959718,-0.01899302520791224,-0.0500238505333499,0.04564042575657368,-0.04839766025543213,-0.00019741803407669067,-0.04859507828950882,-0.04826363921165466,0.09147826954722404,0.04321463033556938,-0.0040636271409724145,-0.013873933070349231,-0.048529237508773804,0.22009953833185136,0.17157030082307756
65,0,0,-0.0330168215790394,0.004864276619628072,-0.02435497761862848,-0.05138766896970992,0.04018480330705643,-0.04836386442184448,1.7136335372924805e-06,-0.04836215078830719,-0.048251137137413025,0.08036789298057556,0.03211675584316254,-0.00333012046932879,-0.007751256960849773,-0.04851618409156799,0.23061015456914902,0.18209397047758102
66,0,0,-0.02870921587201991,0.020699001965112984,-0.002059533943238989,-0.05192048030866658,0.03781615383923054,-0.04830555617809296,-2.421438694000244e-06,-0.04830797761678696,-0.04812026023864746,0.07563472911715508,0.027514468878507614,-0.012339978019042519,-0.02188664942702978,-0.048485174775123596,0.1828980079444591,0.1344128331693355
67,0,0,-0.030013862411699677,0.01592892687767744,-0.03243038533834408,-0.04996018028020899,0.045502327382564545,-0.048356205224990845,4.082918167114258e-06,-0.04835212230682373,-0.04815094172954559,0.09100057184696198,0.04284963011741638,0.013191666042068562,0.003818839435531629,-0.04853598773479462,0.2689213672711048,0.2203853795363102
68,0,0,-0.033983293312125795,0.0010634653735905886,-0.03930436884449762,-0.050307048241222674,0.04445861093699932,-0.048332199454307556,-4.8123300075531006e-05,-0.04838032275438309,-0.0481925904750824,0.08896534517407417,0.040772754698991776,-0.019047977052920828,-0.027984827742717044,-0.048360079526901245,0.16087992629036307,0.11251984676346183
69,0,0,-0.03014173273282239,0.01569247990846634,-0.007950119529951394,-0.051636774848915934,0.03889344818890095,-0.048379331827163696,-1.0214745998382568e-05,-0.04838954657316208,-0.04816719889640808,0.07779711112380028,0.029629912227392197,-0.035126377301480716,-0.044440553413160444,-0.0484185516834259,0.10485341108869761,0.05643485940527171
70,0,0,-0.03165169746566221,0.008925307774916291,-0.02300362124401545,-0.04966923594820827,0.04740525782108307,-0.048436447978019714,1.033395528793335e-05,-0.04842611402273178,-0.04830352962017059,0.0948001816868782,0.04649665206670761,0.01280501640142262,0.003442286161202901,-0.04848429560661316,0.26701231341576204,0.21852801780914888
71,0,0,-0.03143915738683489,0.010456939227879047,-0.010609916925886864,-0.04703112210860638,0.05781323462724686,-0.048454076051712036,5.570054054260254e-05,-0.048398375511169434,-0.048337966203689575,0.11557076871395111,0.06723280251026154,0.007752463288149158,-0.0010556680117925765,-0.04852427542209625,0.2547866110689938,0.20626233564689755
72,0,0,-0.03010419399671349,0.015541648492217064,-0.016321527557366267,-0.04922450895611519,0.04842899367213249,-0.04828205704689026,0.00026579201221466064,-0.0480162650346756,-0.04823809862136841,0.09659219533205032,0.048354096710681915,-0.01009325568047359,-0.018707526822698384,-0.04844406247138977,0.19204405043274164,0.14359998796135187
73,0,0,-0.029919800382582906,0.016173365991562605,-0.011726648716013699,-0.05022377632620589,0.044884342700242996,-0.04848465323448181,8.97720456123352e-05,-0.048394881188869476,-0.04823629558086395,0.08967891335487366,0.041442617774009705,0.007717766067848686,-0.0003350685490381977,-0.04841436445713043,0.24958884972147644,0.201174485264346
74,0,0,-0.030679415042243363,0.012560296338051558,0.01187590104808578,-0.04934330963543232,0.04774387739598751,-0.048378393054008484,1.2665987014770508e-07,-0.048378266394138336,-0.04823891818523407,0.09548762813210487,0.047248709946870804,0.010633564825809572,0.00140233494426667,-0.04837784171104431,0.25948290922679007,0.21110506751574576
75,0,0,-0.032597978036235986,0.006227090489119291,-0.010410177115630859,-0.05191891301625162,0.03786233998835087,-0.048418134450912476,9.551644325256348e-06,-0.04840858280658722,-0.04813098907470703,0.07571512833237648,0.02758413925766945,-0.012841893365539647,-0.021842942952678968,-0.0485440194606781,0.1834159097634256,0.1348718903027475
76,0,0,-0.03580468822498517,-0.006296652369201183,-0.004515452745238235,-0.049430910512043624,0.047815585508942604,-0.04834972321987152,1.0654330253601074e-05,-0.04833906888961792,-0.04826842248439789,0.09562051668763161,0.04735209420323372,0.0015515503293386246,-0.008096647587635175,-0.04845324158668518,0.23602042737184092,0.18756718578515574
77,0,0,-0.031894339186795406,0.00847200071439147,-0.010050952160234772,-0.05028162671943903,0.043907204642891884,-0.04847687482833862,-4.2222440242767334e-05,-0.04851909726858139,-0.048203691840171814,0.08785663172602654,0.03965293988585472,-0.03335148068104843,-0.040018995271594804,-0.048535123467445374,0.11167831346392632,0.06314318999648094
78,0,0,-0.03112635139455122,0.011839478043839335,-0.03770887737568529,-0.050633939195527944,0.042971523478627205,-0.04839031398296356,9.663403034210205e-05,-0.04829367995262146,-0.04820127785205841,0.08584641292691231,0.0376451350748539,0.012435212205339496,0.0033459840020668707,-0.04859204590320587,0.2661073026829399,0.21751525677973405
79,0,0,-0.03118738328687698,0.01171551225706935,-0.036715802482063964,-0.052578904123336656,0.035569725558161736,-0.04841151833534241,-2.6673078536987305e-06,-0.048414185643196106,-0.048197850584983826,0.07114211842417717,0.022944267839193344,-0.02243252307742516,-0.0318090956609165,-0.04857613146305084,0.15388388703286182,0.10530775556981098
80,0,0,-0.02784499410353547,0.02343910525087267,-0.02295793605521368,-0.0495271273867246,0.04733305796980858,-0.04833902418613434,-0.00011477619409561157,-0.04845380038022995,-0.04818315804004669,0.09478089213371277,0.04659773409366608,-0.024987172256835777,-0.03525858483245159,-0.04861640930175781,0.1415256791296997,0.0929092698279419
81,0,0,-0.028458707296785235,0.02158824703656137,-0.05601804001655353,-0.050161479461550584,0.044506531208753586,-0.04833453893661499,2.5510787963867188e-05,-0.04830902814865112,-0.04818736016750336,0.0889875516295433,0.04080019146203995,0.0007364748004476951,-0.007754925943610935,-0.04853339493274689,0.2332342527806759,0.184700857847929
82,0,0,-0.03222368984923207,0.007753651821985841,-0.021582179852785544,-0.05378358029359731,0.03029029257595539,-0.048377662897109985,1.601874828338623e-05,-0.0483616441488266,-0.04807919263839722,0.060564566403627396,0.012485373765230179,-0.027647547307907416,-0.03482589068056008,-0.04827457666397095,0.12896449957042933,0.08068992290645838
83,0,0,-0.03716959667235642,-0.01156324427574873,0.006246237429593293,-0.05053643841162625,0.04332134127616882,-0.04836191236972809,6.470829248428345e-05,-0.048297204077243805,-0.04819503426551819,0.08657797425985336,0.038382939994335175,-0.0005493954162645309,-0.010583880444848148,-0.048102110624313354,0.227361310942797,0.17925920031848364
84,0,0,-0.0301509591393625,0.015333162620663643,-0.008988915150439425,-0.05178897964894702,0.03833311051130295,-0.04835668206214905,9.179115295410156e-06,-0.04834750294685364,-0.048129767179489136,0.07665704190731049,0.02852727472782135,-0.027454296435465153,-0.03649739527187368,-0.048535823822021484,0.12911229580640793,0.08057647198438644
85,0,0,-0.030930704383170138,0.012352221878245473,0.024914337650905338,-0.05150433017763589,0.03962241671979427,-0.04835027456283569,-2.2202730178833008e-06,-0.04835249483585358,-0.04823291301727295,0.07924705371260643,0.03101414069533348,-0.003094486774458005,-0.01178382865119687,-0.048474669456481934,0.22033802000805736,0.17186335055157542
86,0,0,-0.03010771933968215,0.015321595128625631,0.018115524313571996,-0.049339266303420004,0.04827354475855827,-0.048377200961112976,6.0774385929107666e-05,-0.04831642657518387,-0.04816107451915741,0.09648631513118744,0.04832524061203003,0.009643888200746797,6.0971953267152657e-05,-0.0485958606004715,0.26208508664728924,0.21348922604681775
87,0,0,-0.029016321593033467,0.01903834450058639,-0.004356955989777589,-0.0515657396396918,0.03896868973970413,-0.04836393892765045,-3.16426157951355e-05,-0.04839558154344559,-0.048188045620918274,0.0779690220952034,0.029780976474285126,0.012882943531764113,0.00341292065773402,-0.04851280152797699,0.26758702023653314,0.21907421870855615
88,0,0,-0.035364066520187976,-0.004624452441930771,0.011260358097615608,-0.045744606140033284,0.062042828649282455,-0.04820139706134796,0.00034333765506744385,-0.04785805940628052,-0.04830782115459442,0.12374231964349747,0.07543449848890305,-0.03898237666977877,-0.04360630741945082,-0.04853007197380066,0.09289554506540298,0.044365473091602325
89,0,0,-0.032813727196874254,0.005378751549869776,-0.024826914764901176,-0.05033898235545564,0.04396432638168335,-0.04824940860271454,8.545815944671631e-06,-0.04824086278676987,-0.04825018346309662,0.08792010694742203,0.03966992348432541,-0.018586055295202186,-0.02108425505264222,-0.04848259687423706,0.16105864942073822,0.11257605254650116
90,0,0,-0.03082004811001937,0.012294685235247016,-0.02438226102142238,-0.050031954072750295,0.04528901167213917,-0.048359647393226624,4.985928535461426e-05,-0.04830978810787201,-0.048275649547576904,0.09052816405892372,0.04225251451134682,0.0005771596584338567,-0.009147352045675738,-0.048538073897361755,0.22870632633566856,0.1801682524383068
91,0,0,-0.031797148872477976,0.008971515111625195,-0.02143462401654972,-0.0491766182483957,0.048942334949970245,-0.04831665754318237,9.104609489440918e-06,-0.04830755293369293,-0.04820016026496887,0.09787556529045105,0.04967540502548218,-0.0053175665911098235,-0.015043968065860724,-0.04848186671733856,0.199965563006117,0.15148369628877845
92,0,0,-0.029562725535953405,0.016989739960990846,-0.036457718042981924,-0.05015415164110948,0.045176057144999504,-0.04838751256465912,2.5674700736999512e-05,-0.04836183786392212,-0.04827792942523956,0.09032643958926201,0.042048510164022446,0.01166048828890709,0.0023639699338779963,-0.0485723614692688,0.26581016840646043,0.21723780693719164
93,0,0,-0.034621622590947254,-0.0025369562208652496,-0.024528093518426886,-0.05040526544405566,0.04431985877454281,-0.04840685427188873,-4.291534423828125e-06,-0.04841114580631256,-0.04827515780925751,0.08864400908350945,0.04036885127425194,-0.01144370275258666,-0.020715017092570953,-0.04835726320743561,0.1887165114749223,0.1403592482674867
94,0,0,-0.03067125270783322,0.013204685412347317,0.02343138412021517,-0.04898505312371526,0.04944743029773235,-0.04837296903133392,7.53253698348999e-06,-0.04836543649435043,-0.048218801617622375,0.09888732805848122,0.05066852644085884,-0.010431205418989009,-0.01999332979386992,-0.04848019778728485,0.19137508451240137,0.14289488672511652
95,0,0,-0.028442335046051426,0.021099334699101746,0.02576538254498928,-0.05079832680389984,0.042121391743421555,-0.048284828662872314,6.555020809173584e-05,-0.04821927845478058,-0.048193201422691345,0.08417723327875137,0.03598403185606003,-0.03715254590407824,-0.04606070300462761,-0.04842004179954529,0.09386425348930061,0.04544421168975532
96,0,3,-0.035695255223267,-0.0060399556532502174,0.006386158692308186,-0.0466590680441854,0.05087016150355339,-0.04792751371860504,2.896040678024292e-05,-0.0478985533118248,-0.04782755672931671,0.10171136260032654,0.05388380587100983,-0.12625041363587286,-0.06916501305170186,-0.04833623766899109,-0.2393605433171615,-0.2876967809861526
97,0,3,-0.027322537524664625,0.02593299321597442,-0.04571483734687121,-0.047734973540642045,0.04698343947529793,-0.047956377267837524,-4.783272743225098e-06,-0.04796116054058075,-0.047687530517578125,0.09397166222333908,0.046284131705760956,-0.12715129976201212,-0.07057218981702107,-0.048264726996421814,-0.23612433750531636,-0.2843890645017382
98,0,3,-0.03795591283918043,-0.014926728326827288,-0.004617039766060316,-0.04425510916829012,0.06080801039934158,-0.04798215627670288,0.00010957568883895874,-0.04787258058786392,-0.047813430428504944,0.12150644510984421,0.07369301468133926,-0.12944212893619067,-0.07094939529299182,-0.04827439785003662,-0.2468324829096673,-0.2951068807597039
99,0,3,-0.03132799940201991,0.010622552363201976,0.027691630542669543,-0.04643575588104909,0.05205315537750721,-0.047948792576789856,9.350478649139404e-06,-0.04793944209814072,-0.04773692786693573,0.10409696027636528,0.05636003240942955,-0.11126326115461183,-0.07121009554931845,-0.048351868987083435,-0.18401794432429597,-0.2323698133113794
100,0,3,-0.03363024180739416,0.002301995176821947,0.0090389839794085,-0.04589909172635487,0.05437748692929745,-0.04797866940498352,-1.329183578491211e-05,-0.04799196124076843,-0.04781632125377655,0.1087682656943798,0.060951944440603256,-0.10865989013859689,-0.06720689068055208,-0.04813292622566223,-0.18589681386947632,-0.23402974009513855
101,0,3,-0.029807940016148393,0.016692089149728417,-0.017771973791326445,-0.05021355551841111,0.03650890477001667,-0.04762789607048035,3.483891487121582e-05,-0.04759305715560913,-0.04776187241077423,0.07298297062516212,0.025221098214387894,-0.10946043416802809,-0.06991346322178771,-0.04824906587600708,-0.17823200684506446,-0.22648107272107154
102,0,3,-0.03031675280364965,0.014619827386923134,0.009187713300747191,-0.04614659491431894,0.05330021493136883,-0.04788917303085327,5.714595317840576e-06,-0.04788345843553543,-0.04782344400882721,0.10659471526741982,0.058771271258592606,-0.13172866780443826,-0.06851960505007071,-0.048184216022491455,-0.26340739330044016,-0.3115916093229316
103,0,3,-0.03346821593872207,0.0028704938013106585,-0.020204084834837488,-0.04654404898489872,0.05185258574783802,-0.04794444143772125,1.3269484043121338e-05,-0.04793117195367813,-0.04785381257534027,0.10369190201163292,0.05583808943629265,-0.09985908666898347,-0.07158823726472896,-0.04825583100318909,-0.1371457665518392,-0.18540159755502827
104,0,3,-0.030540982941552386,0.012793056666851044,-0.010398195849333547,-0.04695125069339667,0.0502425841987133,-0.04788553714752197,-1.7881393432617188e-07,-0.0478857159614563,-0.04776817560195923,0.10048534721136093,0.0527171716094017,-0.11940895252178763,-0.07045057585177972,-0.04817661643028259,-0.20956182177178562,-0.2577384382020682
105,0,3,-0.03303764058467351,0.003746288362890482,0.021113225377277445,-0.04674238832053845,0.05090651847422123,-0.04794593155384064,-7.115304470062256e-06,-0.0479530468583107,-0.047835662961006165,0.10182015225291252,0.05398448929190636,-0.10697568541668545,-0.07163327603525715,-0.048273950815200806,-0.17435583207407035,-0.22262978288927115
106,0,3,-0.030090395238044465,0.015582714113406837,-0.01403671640664328,-0.04997064979265531,0.03802690654993057,-0.047832801938056946,-1.8700957298278809e-06,-0.047834672033786774,-0.04774385690689087,0.07605568319559097,0.028311826288700104,-0.13411889634336838,-0.07099095304178427,-0.048178598284721375,-0.26249940227353363,-0.310678000558255
107,0,3,-0.029815280434764446,0.016729670111089945,-0.04204160844270888,-0.048174284884055396,0.045241206884384155,-0.04791779816150665,-4.095584154129028e-05,-0.04795875400304794,-0.047791898250579834,0.0905233696103096,0.04273147135972977,-0.09508496283977763,-0.07093123923265576,-0.048261046409606934,-0.11997177920420654,-0.16823282561381347
108,0,3,-0.03374965159346033,0.001055502099916339,-0.028147548266318267,-0.04561632349779643,0.05578416399657726,-0.04797324538230896,-7.12275505065918e-06,-0.04798036813735962,-0.04785795509815216,0.11157545074820518,0.06371749565005302,-0.1236266087412865,-0.06767757625350868,-0.04834938049316406,-0.22574521609931253,-0.2740945965924766
109,0,3,-0.031207114260684676,0.010801978874951601,0.004744319252431239,-0.04649916491456452,0.051463594660162926,-0.0477319210767746,7.838010787963867e-06,-0.04772408306598663,-0.047743022441864014,0.10291935130953789,0.055176328867673874,-0.1332086701938593,-0.06804490538707242,-0.0482700914144516,-0.26140202063834295,-0.30967211205279455
110,0,3,-0.030851678850591924,0.012801343342289329,0.006937338674184446,-0.04461004638521615,0.059996310621500015,-0.04798020422458649,-1.4640390872955322e-05,-0.04799484461545944,-0.04785043001174927,0.12000726163387299,0.07215683162212372,-0.09231010856026955,-0.06898622165099155,-0.048270195722579956,-0.12100584563449956,-0.16927604135707952
111,0,3,-0.03081062773016896,0.01211016601882875,0.03703268809543658,-0.04542610265158942,0.05632132478058338,-0.04790662229061127,-0.00010041147470474243,-0.04800703376531601,-0.04782499372959137,0.1127430610358715,0.06491806730628014,-0.13395728375129323,-0.07100970113378757,-0.04826323688030243,-0.2618001448499854,-0.3100633817302878
112,0,3,-0.03231651764728127,0.006903338711708784,-0.017845985603727854,-0.04437801124825924,0.06024336256086826,-0.04791972041130066,3.1739473342895508e-06,-0.04791654646396637,-0.04779626429080963,0.12048355117440224,0.0726872868835926,-0.11168817402837661,-0.07070047927326106,-0.048226624727249146,-0.17671965714544058,-0.22494628187268972
113,0,3,-0.03046111602220236,0.014264046913012862,-0.0289396757269742,-0.045499543348647364,0.05603557266294956,-0.04796513915061951,7.696449756622314e-06,-0.047957442700862885,-0.04780878126621246,0.1120634488761425,0.06425466760993004,-0.13164855765711536,-0.07138401938536809,-0.04823046922683716,-0.2641405507456511,-0.3123710199724883
114,0,3,-0.029451933274543762,0.018116918625310063,-0.017497499804989047,-0.048471684611243404,0.04414031282067299,-0.04790666699409485,-1.802295446395874e-05,-0.04792468994855881,-0.047733113169670105,0.08829864859580994,0.04056553542613983,-0.13502466799113932,-0.07077812712683418,-0.0480935275554657,-0.26761722257651854,-0.31571075013198424
115,0,3,-0.030567085356207002,0.013411769177764654,-0.004249784279416247,-0.04887730025916426,0.042365243658423424,-0.04790295660495758,-2.329796552658081e-05,-0.04792625457048416,-0.04764489829540253,0.08475378528237343,0.0371088869869709,-0.08231275822554096,-0.06903181279920823,-0.04824250936508179,-0.08420419180765748,-0.13244670117273927
116,0,3,-0.028184102992991455,0.02193918207194656,-0.01972484245032291,-0.05031925525700842,0.0367586687207222,-0.04796837270259857,-2.5622546672821045e-05,-0.04799399524927139,-0.0477721244096756,0.07354295998811722,0.02577083557844162,-0.09038303758854482,-0.0700165815086713,-0.04834111034870148,-0.10596285993233323,-0.1543039702810347
117,0,3,-0.02870316300341358,0.02036459103692323,-0.0001988017558858246,-0.04852663529325696,0.04384858347475529,-0.047922179102897644,8.396804332733154e-06,-0.04791378229856491,-0.04777322709560394,0.08768877014517784,0.0399155430495739,-0.09360887229345849,-0.0550037714868683,-0.0483400821685791,-0.12344139069318771,-0.17178147286176682
118,0,3,-0.029697429241814177,0.01698262116406113,-0.04696074429253372,-0.048642489741936856,0.043515877798199654,-0.04783511161804199,4.686415195465088e-06,-0.04783042520284653,-0.047803521156311035,0.08702706918120384,0.03922354802489281,-0.10273500613584474,-0.06812000341917823,-0.04834407567977905,-0.15548041177680716,-0.2038244874565862
119,0,3,-0.03088987736793314,0.012500842800363898,0.018749687980928798,-0.042741874620070064,0.06716519221663475,-0.047947391867637634,-1.8380582332611084e-05,-0.047965772449970245,-0.047829777002334595,0.1343487650156021,0.08651898801326752,-0.09702745449529715,-0.06974705698617978,-0.04820653796195984,-0.1295836055651307,-0.17779014352709055
120,0,3,-0.02912376183171972,0.018492421368137002,-0.014800692664280746,-0.045452389690410655,0.05582903511822224,-0.0478886216878891,1.8224120140075684e-05,-0.04787039756774902,-0.047836869955062866,0.1116398461163044,0.06380297616124153,-0.11186142024391899,-0.07047855076124421,-0.04821518063545227,-0.1801390242180787,-0.22835420485353097
121,0,3,-0.035068422788505416,-0.0033415122888982296,-0.015229384348842245,-0.04274502874224595,0.06680090352892876,-0.04794386029243469,2.958625555038452e-05,-0.04791427403688431,-0.047860145568847656,0.13357222080230713,0.08571207523345947,-0.11395882260207912,-0.07019124896836004,-0.04825444519519806,-0.19138023446430452,-0.23963467965950258
122,0,3,-0.033501360780064715,0.0020747757516801357,0.013388231534406714,-0.050804516169602465,0.034923356026411057,-0.04793809354305267,4.205852746963501e-05,-0.04789603501558304,-0.04776415228843689,0.06980465352535248,0.02204050123691559,-0.12916787081266534,-0.07055876282160956,-0.048189207911491394,-0.25089209398720413,-0.29908130189869553
123,0,3,-0.033652262904123376,0.0015909362118691206,0.004235652765125053,-0.05005093863248078,0.03795240446925163,-0.04785412549972534,3.2924115657806396e-05,-0.047821201384067535,-0.04771976172924042,0.07587188482284546,0.02815212309360504,-0.12029545759211757,-0.07083598708847916,-0.048256754875183105,-0.2124855508445762,-0.2607423057197593
124,0,3,-0.03340805273551695,0.00251548970118165,-0.01901600679831006,-0.04485372024321066,0.058838220313191414,-0.047977909445762634,2.5033950805664062e-06,-0.04797540605068207,-0.04784733057022095,0.11767393723130226,0.06982660666108131,-0.12471270664661205,-0.0689687120094753,-0.04804219305515289,-0.23510453361086547,-0.28314672666601837
125,0,3,-0.03168149676730536,0.009883511578664184,-0.022445266862490598,-0.042883378391735505,0.06663297489285469,-0.047957032918930054,0.0002437010407447815,-0.04771333187818527,-0.047818854451179504,0.1330222487449646,0.0852033942937851,-0.10952124831400312,-0.07117438869860138,-0.04826384782791138,-0.17726364038753673,-0.2255274882154481
126,0,3,-0.031209254067814385,0.011317707831040025,-0.03505112835380686,-0.04555484097097917,0.05501488409936428,-0.04792550206184387,-4.5418739318847656e-05,-0.04797092080116272,-0.047774627804756165,0.11007518693804741,0.062300559133291245,-0.10320928458037315,-0.06967270967461303,-0.04821869730949402,-0.1485370821901597,-0.19675577949965373
127,0,3,-0.03022913395872706,0.015396790811792016,0.03304102116203467,-0.047557797127893764,0.04793069697916508,-0.04788726568222046,-4.149973392486572e-06,-0.047891415655612946,-0.047842442989349365,0.09586554393172264,0.048023100942373276,-0.13491402842639388,-0.07102237640349074,-0.04819124937057495,-0.26719245693675475,-0.3153837063073297
