model,displayed_validity,magnitude,condition,response_count,response_rate,mean_rt,false_alarm_rate,dprime,criterion
vda4_crossattn1_grid10x10_seed0,0.25,0.0,valid,17,0.056666666666666664,5.352941176470588,0.07,-0.10535123588189621,1.517909410626471
vda4_crossattn1_grid10x10_seed0,0.25,0.0,invalid,13,0.043333333333333335,5.230769230769231,0.07,-0.2317432723565349,1.5811054288637905
vda4_crossattn1_grid10x10_seed0,0.25,3.0,valid,28,0.09333333333333334,5.392857142857143,0.07,0.15278505258506092,1.3888412663929925
vda4_crossattn1_grid10x10_seed0,0.25,3.0,invalid,23,0.07666666666666666,5.260869565217392,0.07,0.04708106333365869,1.4416932610186937
vda4_crossattn1_grid10x10_seed0,0.25,6.0,valid,61,0.20333333333333334,5.442622950819672,0.07,0.6389407404427604,1.1457634224641429
vda4_crossattn1_grid10x10_seed0,0.25,6.0,invalid,37,0.12333333333333334,5.405405405405405,0.07,0.31286469814789797,1.308801443611574
vda4_crossattn1_grid10x10_seed0,0.25,9.0,valid,99,0.33,5.343434343434343,0.07,1.02687962917129,0.951793978099878
vda4_crossattn1_grid10x10_seed0,0.25,9.0,invalid,52,0.17333333333333334,5.4423076923076925,0.07,0.5283866843271544,1.2010404505219459
vda4_crossattn1_grid10x10_seed0,0.25,12.0,valid,163,0.5433333333333333,5.355828220858895,0.07,1.5737058276627207,0.6783808788541626
vda4_crossattn1_grid10x10_seed0,0.25,12.0,invalid,105,0.35,5.419047619047619,0.07,1.0812583889977043,0.9246045981866708
vda4_crossattn1_grid10x10_seed0,0.25,15.0,valid,222,0.74,5.2657657657657655,0.07,2.1061229754591553,0.41217230495594537
vda4_crossattn1_grid10x10_seed0,0.25,15.0,invalid,150,0.5,5.366666666666666,0.07,1.465233792685523,0.7326168963427615
vda4_crossattn1_grid10x10_seed0,0.25,18.0,valid,257,0.8566666666666667,5.217898832684825,0.07,2.5254713366636277,0.20249812435370917
vda4_crossattn1_grid10x10_seed0,0.25,18.0,invalid,202,0.6733333333333333,5.306930693069307,0.07,1.912774019551589,0.5088467829097285
vda4_crossattn1_grid10x10_seed0,0.25,22.0,valid,290,0.9666666666666667,5.117241379310345,0.07,3.2786513613595583,-0.17409188799425612
vda4_crossattn1_grid10x10_seed0,0.25,22.0,invalid,267,0.89,5.239700374531835,0.07,2.6849001971692243,0.12278369410091083
vda4_crossattn1_grid10x10_seed0,0.25,26.0,valid,296,0.9866666666666667,5.047297297297297,0.07,3.6366419580426106,-0.3530871863357823
vda4_crossattn1_grid10x10_seed0,0.25,26.0,invalid,291,0.97,5.154639175257732,0.07,3.3235584553189894,-0.1965454349739717
vda4_crossattn1_grid10x10_seed0,0.25,30.0,valid,300,1.0,5.016666666666667,0.07,4.401465641503039,-0.7354990280659963
vda4_crossattn1_grid10x10_seed0,0.25,30.0,invalid,300,1.0,5.056666666666667,0.07,4.401465641503039,-0.7354990280659963
vda4_crossattn1_grid10x10_seed0,0.5,0.0,valid,25,0.08333333333333333,5.32,0.08333333333333333,0.0,1.3740208295934986
vda4_crossattn1_grid10x10_seed0,0.5,0.0,invalid,25,0.08333333333333333,5.32,0.08333333333333333,0.0,1.3740208295934986
vda4_crossattn1_grid10x10_seed0,0.5,3.0,valid,25,0.08333333333333333,5.36,0.08333333333333333,0.0,1.3740208295934986
vda4_crossattn1_grid10x10_seed0,0.5,3.0,invalid,19,0.06333333333333334,5.421052631578948,0.08333333333333333,-0.14178638869049198,1.4449140239387446
vda4_crossattn1_grid10x10_seed0,0.5,6.0,valid,71,0.23666666666666666,5.436619718309859,0.08333333333333333,0.6597877361282705,1.0441269615293634
vda4_crossattn1_grid10x10_seed0,0.5,6.0,invalid,24,0.08,5.291666666666667,0.08333333333333333,-0.021726163356168948,1.384883911271583
vda4_crossattn1_grid10x10_seed0,0.5,9.0,valid,104,0.3466666666666667,5.375,0.08333333333333333,0.9810650732384654,0.8834882929742659
vda4_crossattn1_grid10x10_seed0,0.5,9.0,invalid,79,0.2633333333333333,5.493670886075949,0.08333333333333333,0.7433246578344122,1.0023585006762925
vda4_crossattn1_grid10x10_seed0,0.5,12.0,valid,170,0.5666666666666667,5.311764705882353,0.08333333333333333,1.5413518028621493,0.6033449281624239
vda4_crossattn1_grid10x10_seed0,0.5,12.0,invalid,100,0.3333333333333333,5.5,0.08333333333333333,0.9448158869901915,0.9016128860984028
vda4_crossattn1_grid10x10_seed0,0.5,15.0,valid,223,0.7433333333333333,5.273542600896861,0.08333333333333333,2.025170049998367,0.36143580459431507
vda4_crossattn1_grid10x10_seed0,0.5,15.0,invalid,140,0.4666666666666667,5.464285714285714,0.08333333333333333,1.2906476543317311,0.728697002427633
vda4_crossattn1_grid10x10_seed0,0.5,18.0,valid,274,0.9133333333333333,5.189781021897811,0.08333333333333333,2.726945383683189,0.010548137751903996
vda4_crossattn1_grid10x10_seed0,0.5,18.0,invalid,198,0.66,5.313131313131313,0.08333333333333333,1.785033665114553,0.48150399703622204
vda4_crossattn1_grid10x10_seed0,0.5,22.0,valid,291,0.97,5.0756013745704465,0.08333333333333333,3.232345492226965,-0.2421519165199839
vda4_crossattn1_grid10x10_seed0,0.5,22.0,invalid,266,0.8866666666666667,5.2443609022556394,0.08333333333333333,2.5763503589535945,0.08584565011670131
vda4_crossattn1_grid10x10_seed0,0.5,26.0,valid,299,0.9966666666666667,5.040133779264214,0.08333333333333333,3.9510006325101052,-0.601479486661554
vda4_crossattn1_grid10x10_seed0,0.5,26.0,invalid,289,0.9633333333333334,5.145328719723183,0.08333333333333333,3.145916000864047,-0.1989371708385249
vda4_crossattn1_grid10x10_seed0,0.5,30.0,valid,300,1.0,5.0,0.08333333333333333,4.310252678411015,-0.7811055096120085
vda4_crossattn1_grid10x10_seed0,0.5,30.0,invalid,297,0.99,5.063973063973064,0.08333333333333333,3.6432266258784614,-0.4475924833457321
vda4_crossattn1_grid10x10_seed0,0.75,0.0,valid,17,0.056666666666666664,5.470588235294118,0.06666666666666667,-0.08054086689768947,1.5303145951185746
vda4_crossattn1_grid10x10_seed0,0.75,0.0,invalid,19,0.06333333333333334,5.368421052631579,0.06666666666666667,-0.025763056614260815,1.5029256899768602
vda4_crossattn1_grid10x10_seed0,0.75,3.0,valid,28,0.09333333333333334,5.321428571428571,0.06666666666666667,0.17759542156926766,1.401246450885096
vda4_crossattn1_grid10x10_seed0,0.75,3.0,invalid,19,0.06333333333333334,5.473684210526316,0.06666666666666667,-0.025763056614260815,1.5029256899768602
vda4_crossattn1_grid10x10_seed0,0.75,6.0,valid,47,0.15666666666666668,5.404255319148936,0.06666666666666667,0.48653367118227364,1.2467773260785928
vda4_crossattn1_grid10x10_seed0,0.75,6.0,invalid,19,0.06333333333333334,5.473684210526316,0.06666666666666667,-0.025763056614260815,1.5029256899768602
vda4_crossattn1_grid10x10_seed0,0.75,9.0,valid,96,0.32,5.354166666666667,0.06666666666666667,1.024016936636969,0.9780356933512453
vda4_crossattn1_grid10x10_seed0,0.75,9.0,invalid,42,0.14,5.380952380952381,0.06666666666666667,0.41508279781714896,1.2825027627611552
vda4_crossattn1_grid10x10_seed0,0.75,12.0,valid,170,0.5666666666666667,5.382352941176471,0.06666666666666667,1.6573751349383805,0.6613565942005395
vda4_crossattn1_grid10x10_seed0,0.75,12.0,invalid,80,0.26666666666666666,5.45,0.06666666666666667,0.8694758898621916,1.055306216738634
vda4_crossattn1_grid10x10_seed0,0.75,15.0,valid,227,0.7566666666666667,5.277533039647577,0.06666666666666667,2.1829445068973183,0.3985719082210705
vda4_crossattn1_grid10x10_seed0,0.75,15.0,invalid,117,0.39,5.444444444444445,0.06666666666666667,1.2116774848438376,0.8842054192478109
vda4_crossattn1_grid10x10_seed0,0.75,18.0,valid,260,0.8666666666666667,5.165384615384616,0.06666666666666667,2.595174791687228,0.19245676582611582
vda4_crossattn1_grid10x10_seed0,0.75,18.0,invalid,162,0.54,5.45679012345679,0.06666666666666667,1.5901430967996524,0.6949726132699036
vda4_crossattn1_grid10x10_seed0,0.75,22.0,valid,297,0.99,5.127946127946128,0.06666666666666667,3.7592499579546925,-0.3895808173076165
vda4_crossattn1_grid10x10_seed0,0.75,22.0,invalid,247,0.8233333333333334,5.303643724696356,0.06666666666666667,2.4140529742152648,0.2830176745620975
vda4_crossattn1_grid10x10_seed0,0.75,26.0,valid,300,1.0,5.043333333333333,0.06666666666666667,4.426276010487245,-0.723093843573893
vda4_crossattn1_grid10x10_seed0,0.75,26.0,invalid,280,0.9333333333333333,5.171428571428572,0.06666666666666667,2.9800883233394604,-3.3306690738754696e-16
vda4_crossattn1_grid10x10_seed0,0.75,30.0,valid,300,1.0,5.003333333333333,0.06666666666666667,4.426276010487245,-0.723093843573893
vda4_crossattn1_grid10x10_seed0,0.75,30.0,invalid,296,0.9866666666666667,5.108108108108108,0.06666666666666667,3.6614523270268173,-0.3406820018436789
vda4_crossattn1_grid10x10_seed0,1.0,0.0,valid,10,0.03333333333333333,5.5,0.04,-0.08019703322437932,1.773319052061845
vda4_crossattn1_grid10x10_seed0,1.0,0.0,invalid,14,0.04666666666666667,5.214285714285714,0.04,0.07038576750871406,1.6980276516952983
vda4_crossattn1_grid10x10_seed0,1.0,3.0,valid,30,0.1,5.366666666666666,0.04,0.4592047089235307,1.50361818098789
vda4_crossattn1_grid10x10_seed0,1.0,3.0,invalid,12,0.04,5.333333333333333,0.04,0.0,1.7332205354496553
vda4_crossattn1_grid10x10_seed0,1.0,6.0,valid,61,0.20333333333333334,5.377049180327869,0.04,0.9069274832068926,1.2797567938462089
vda4_crossattn1_grid10x10_seed0,1.0,6.0,invalid,28,0.09333333333333334,5.357142857142857,0.04,0.4207717953491932,1.5228346377750586
vda4_crossattn1_grid10x10_seed0,1.0,9.0,valid,102,0.34,5.362745098039215,0.04,1.3222076999286008,1.0721166854853548
vda4_crossattn1_grid10x10_seed0,1.0,9.0,invalid,37,0.12333333333333334,5.324324324324325,0.04,0.5808514409120302,1.4427948149936403
vda4_crossattn1_grid10x10_seed0,1.0,12.0,valid,161,0.5366666666666666,5.304347826086956,0.04,1.8249533827947606,0.820743844052275
vda4_crossattn1_grid10x10_seed0,1.0,12.0,invalid,71,0.23666666666666666,5.464788732394366,0.04,1.0189874419844271,1.2237268144574416
vda4_crossattn1_grid10x10_seed0,1.0,15.0,valid,228,0.76,5.241228070175438,0.04,2.4367472333765687,0.5148469187613709
vda4_crossattn1_grid10x10_seed0,1.0,15.0,invalid,87,0.29,5.528735632183908,0.04,1.1818728403291177,1.1422841152850964
vda4_crossattn1_grid10x10_seed0,1.0,18.0,valid,267,0.89,5.187265917602996,0.04,2.9528869399333564,0.25677706548297696
vda4_crossattn1_grid10x10_seed0,1.0,18.0,invalid,159,0.53,5.471698113207547,0.04,1.8082398611326123,0.8291006048833491
vda4_crossattn1_grid10x10_seed0,1.0,22.0,valid,297,0.99,5.087542087542087,0.04,4.002426331734618,-0.26799263041765375
vda4_crossattn1_grid10x10_seed0,1.0,22.0,invalid,239,0.7966666666666666,5.380753138075314,0.04,2.559513587692418,0.45346374160344627
vda4_crossattn1_grid10x10_seed0,1.0,26.0,valid,299,0.9966666666666667,5.05685618729097,0.04,4.310200338366262,-0.4218796337334757
vda4_crossattn1_grid10x10_seed0,1.0,26.0,invalid,270,0.9,5.2555555555555555,0.04,3.00723636197578,0.22960235446176536
vda4_crossattn1_grid10x10_seed0,1.0,30.0,valid,300,1.0,5.013333333333334,0.04,4.669452384267171,-0.6015056566839302
vda4_crossattn1_grid10x10_seed0,1.0,30.0,invalid,293,0.9766666666666667,5.177474402730375,0.04,3.69460760650628,-0.11408326780348466
