trial,change_status,test_location,sample_stimulus_minus_blank_combined,sample_loc0_minus_loc3_combined,first_test_target_minus_other_combined,first_test_query_same_minus_other_memory,second_test_target_minus_other_combined,second_test_return_from_gap_combined,second_test_query_same_minus_other_memory
0,1,0,-0.028747798715127004,0.004378694835445174,-0.045480897677450116,0.06343251466751099,nan,nan,nan
1,1,0,-0.033153607276581454,-0.022852034174761116,-0.05061150902227496,0.04308685287833214,nan,nan,nan
2,1,0,-0.028519635497165297,0.025155299570037926,-0.04443499333589784,0.06841469556093216,nan,nan,nan
3,1,0,-0.03074681596957518,0.0002877352192669491,-0.051865878789925546,0.03802146762609482,nan,nan,nan
4,1,0,-0.03370172739931121,0.015600474578761236,-0.05235106890165753,0.03612552583217621,nan,nan,nan
5,1,0,-0.02973885639602969,-0.02444298097553599,-0.0490593247799751,0.0489911213517189,nan,nan,nan
6,1,0,-0.03084228775968967,0.013788002748484018,-0.04517977204123724,0.06477796845138073,nan,nan,nan
7,1,0,-0.03247781438385999,-0.00565789236732428,-0.04608211649319571,0.06181492283940315,nan,nan,nan
8,1,0,-0.03293136001683905,0.026588491551748916,-0.048186542233288776,0.05332071892917156,nan,nan,nan
9,1,0,-0.031793542694693144,-0.03127715118766616,-0.04652073782862942,0.06013714522123337,nan,nan,nan
10,1,0,-0.03198853638197363,-0.031014104979973922,-0.04720340863104866,0.05638175830245018,nan,nan,nan
11,1,0,-0.030661200059888927,0.04663270353368887,-0.049190927034288734,0.048597581684589386,nan,nan,nan
12,1,0,-0.03208180741508215,-0.012908400102944029,-0.04957726915996119,0.04725768230855465,nan,nan,nan
13,1,0,-0.031596522068987554,-0.029464277510882653,-0.04625622099424476,0.060504624620079994,nan,nan,nan
14,1,0,-0.031466095780878334,-0.005731418024382151,-0.05176359107727535,0.03855178505182266,nan,nan,nan
15,1,0,-0.03128170200909253,0.012897640026885426,-0.04971938918043861,0.04701179265975952,nan,nan,nan
16,1,0,-0.032251112031520535,-0.03554992449641503,-0.04505321186115907,0.06571117043495178,nan,nan,nan
17,1,0,-0.029869336625800713,0.002032279562300232,-0.04972068280390829,0.04754785634577274,nan,nan,nan
18,1,0,-0.03160833297067711,-0.020376322044512563,-0.04601947482250068,0.06170148588716984,nan,nan,nan
19,1,0,-0.03178510754332109,-0.014601710927721001,-0.046716427383003634,0.058554310351610184,nan,nan,nan
20,1,0,-0.03000145621680872,0.006566367949119467,-0.051374817105710235,0.04058494046330452,nan,nan,nan
21,1,0,-0.031075876269280656,-0.03733506171430889,-0.04466380648732127,0.06728670932352543,nan,nan,nan
22,1,0,-0.029751132778081057,-0.03539274334757181,-0.04954414763113846,0.047512564808130264,nan,nan,nan
23,1,0,-0.035515211310546135,0.004363863756694286,-0.04467187020524932,0.06729452684521675,nan,nan,nan
24,1,0,-0.03224672383051086,-0.016089165097213254,-0.05217587538565738,0.03745120018720627,nan,nan,nan
25,1,0,-0.02978221226865685,0.02828247400233863,-0.05231577287688083,0.03704633377492428,nan,nan,nan
26,1,0,-0.032810951961366186,0.010331807584691433,-0.05132195444333831,0.0406096987426281,nan,nan,nan
27,1,0,-0.030791093495498245,-0.009769538564405877,-0.050419414931752726,0.04359186254441738,nan,nan,nan
28,1,0,-0.031322206135104835,-0.024742849576604442,-0.0439557948874949,0.07051779702305794,nan,nan,nan
29,1,0,-0.03480055294991402,0.017574037978867807,-0.048246715435709575,0.05279400199651718,nan,nan,nan
30,1,0,-0.029639600420463097,-0.038804275862396764,-0.048713054822769664,0.05113113299012184,nan,nan,nan
31,1,0,-0.032443448879067915,-0.014852208438561831,-0.04441220205214336,0.06841442361474037,nan,nan,nan
32,1,3,-0.03261719789824724,-0.016958605760919454,-0.04277262482266053,0.06702330149710178,nan,nan,nan
33,1,3,-0.028478666980436884,-0.056501067883708345,-0.047263319531005266,0.04901633784174919,nan,nan,nan
34,1,3,-0.028905266634009052,-0.020047365924618532,-0.04191894915751959,0.07014892995357513,nan,nan,nan
35,1,3,-0.02842216536636144,-0.008524676184201496,-0.04324126105072423,0.06414908170700073,nan,nan,nan
36,1,3,-0.030213405464131426,0.019585641462853687,-0.04196197522287548,0.07002506591379642,nan,nan,nan
37,1,3,-0.03131975947418297,0.024812132511122797,-0.048421717961453226,0.044580211862921715,nan,nan,nan
38,1,3,-0.028736852711347183,-0.041634984874633574,-0.04086776334845865,0.07392756454646587,nan,nan,nan
39,1,3,-0.030644375949872682,-0.052237514861779744,-0.045361358704269605,0.05658378452062607,nan,nan,nan
40,1,3,-0.03021811750280534,-0.010958553603657606,-0.04387745288379108,0.062350159510970116,nan,nan,nan
41,1,3,-0.029632663157457273,0.021451343563683167,-0.047777004862865624,0.046459684148430824,nan,nan,nan
42,1,3,-0.03481067441818908,-0.01064660852019017,-0.04849502146100804,0.04366302490234375,nan,nan,nan
43,1,3,-0.03137957844811723,-0.011559089297534797,-0.0488587983326596,0.04242483898997307,nan,nan,nan
44,1,3,-0.03251359686051103,0.009706995271500318,-0.042521017894912916,0.06805191561579704,nan,nan,nan
45,1,3,-0.028315412956253283,-0.04131637378404207,-0.047875979674799396,0.046171076595783234,nan,nan,nan
46,1,3,-0.0319566880396458,-0.020680277086349008,-0.04860585398743922,0.0439068078994751,nan,nan,nan
47,1,3,-0.0321989000630154,-0.02094836507804132,-0.048302065073521305,0.04522770084440708,nan,nan,nan
48,1,3,-0.03292992277142659,0.015057688379123135,-0.045646218332919375,0.05562347732484341,nan,nan,nan
49,1,3,-0.03411745992230664,-0.009547737439518755,-0.04928503136939355,0.04109393619000912,nan,nan,nan
50,1,3,-0.03172181450602096,-0.004096006702596355,-0.04350247647779071,0.06424503773450851,nan,nan,nan
51,1,3,-0.030732542747415437,-0.023672542538619723,-0.04658162749967687,0.0520542711019516,nan,nan,nan
52,1,3,-0.0342569420627683,-0.018203046813340507,-0.046619549899034496,0.05153762176632881,nan,nan,nan
53,1,3,-0.03081105573940235,0.026175580801854892,-0.04818956575975619,0.04564291052520275,nan,nan,nan
54,1,3,-0.03137177952591941,-0.022084931993859414,-0.04177544027219682,0.07060229033231735,nan,nan,nan
55,1,3,-0.03271850280389543,0.007847645325441022,-0.045509538453046616,0.05501360446214676,nan,nan,nan
56,1,3,-0.031649996911781386,0.02599408909475187,-0.04817350911181961,0.04551849886775017,nan,nan,nan
57,1,3,-0.03478706787052133,-0.00031080352956536217,-0.04229004151295612,0.06896378472447395,nan,nan,nan
58,1,3,-0.028622499392110257,0.016756118385437446,-0.0464662315718698,0.05257165990769863,nan,nan,nan
59,1,3,-0.029021477917940075,0.028135865773030844,-0.04733158207949373,0.04864502139389515,nan,nan,nan
60,1,3,-0.03225206531547542,-0.012631685376419455,-0.04240828363474236,0.06790849938988686,nan,nan,nan
61,1,3,-0.03145307805166553,-0.04455835754455251,-0.050699801263917266,0.035423643887043,nan,nan,nan
62,1,3,-0.030404029152094836,0.01877394371079788,-0.0496500242185931,0.03968326188623905,nan,nan,nan
63,1,3,-0.034717505240394075,0.023828555172343613,-0.04383014488290371,0.06203710660338402,nan,nan,nan
64,0,0,-0.03183408681327293,-0.01899302520791224,-0.0500238505333499,0.04564042575657368,-0.0040636271409724145,-0.013873933070349231,0.22009953833185136
65,0,0,-0.0330168215790394,-0.02435497761862848,-0.05138766896970992,0.04018480330705643,-0.00333012046932879,-0.007751256960849773,0.23061015456914902
66,0,0,-0.02870921587201991,-0.002059533943238989,-0.05192048030866658,0.03781615383923054,-0.012339978019042519,-0.02188664942702978,0.1828980079444591
67,0,0,-0.030013862411699677,-0.03243038533834408,-0.04996018028020899,0.045502327382564545,0.013191666042068562,0.003818839435531629,0.2689213672711048
68,0,0,-0.033983293312125795,-0.03930436884449762,-0.050307048241222674,0.04445861093699932,-0.019047977052920828,-0.027984827742717044,0.16087992629036307
69,0,0,-0.03014173273282239,-0.007950119529951394,-0.051636774848915934,0.03889344818890095,-0.035126377301480716,-0.044440553413160444,0.10485341108869761
70,0,0,-0.03165169746566221,-0.02300362124401545,-0.04966923594820827,0.04740525782108307,0.01280501640142262,0.003442286161202901,0.26701231341576204
71,0,0,-0.03143915738683489,-0.010609916925886864,-0.04703112210860638,0.05781323462724686,0.007752463288149158,-0.0010556680117925765,0.2547866110689938
72,0,0,-0.03010419399671349,-0.016321527557366267,-0.04922450895611519,0.04842899367213249,-0.01009325568047359,-0.018707526822698384,0.19204405043274164
73,0,0,-0.029919800382582906,-0.011726648716013699,-0.05022377632620589,0.044884342700242996,0.007717766067848686,-0.0003350685490381977,0.24958884972147644
74,0,0,-0.030679415042243363,0.01187590104808578,-0.04934330963543232,0.04774387739598751,0.010633564825809572,0.00140233494426667,0.25948290922679007
75,0,0,-0.032597978036235986,-0.010410177115630859,-0.05191891301625162,0.03786233998835087,-0.012841893365539647,-0.021842942952678968,0.1834159097634256
76,0,0,-0.03580468822498517,-0.004515452745238235,-0.049430910512043624,0.047815585508942604,0.0015515503293386246,-0.008096647587635175,0.23602042737184092
77,0,0,-0.031894339186795406,-0.010050952160234772,-0.05028162671943903,0.043907204642891884,-0.03335148068104843,-0.040018995271594804,0.11167831346392632
78,0,0,-0.03112635139455122,-0.03770887737568529,-0.050633939195527944,0.042971523478627205,0.012435212205339496,0.0033459840020668707,0.2661073026829399
79,0,0,-0.03118738328687698,-0.036715802482063964,-0.052578904123336656,0.035569725558161736,-0.02243252307742516,-0.0318090956609165,0.15388388703286182
80,0,0,-0.02784499410353547,-0.02295793605521368,-0.0495271273867246,0.04733305796980858,-0.024987172256835777,-0.03525858483245159,0.1415256791296997
81,0,0,-0.028458707296785235,-0.05601804001655353,-0.050161479461550584,0.044506531208753586,0.0007364748004476951,-0.007754925943610935,0.2332342527806759
82,0,0,-0.03222368984923207,-0.021582179852785544,-0.05378358029359731,0.03029029257595539,-0.027647547307907416,-0.03482589068056008,0.12896449957042933
83,0,0,-0.03716959667235642,0.006246237429593293,-0.05053643841162625,0.04332134127616882,-0.0005493954162645309,-0.010583880444848148,0.227361310942797
84,0,0,-0.0301509591393625,-0.008988915150439425,-0.05178897964894702,0.03833311051130295,-0.027454296435465153,-0.03649739527187368,0.12911229580640793
85,0,0,-0.030930704383170138,0.024914337650905338,-0.05150433017763589,0.03962241671979427,-0.003094486774458005,-0.01178382865119687,0.22033802000805736
86,0,0,-0.03010771933968215,0.018115524313571996,-0.049339266303420004,0.04827354475855827,0.009643888200746797,6.0971953267152657e-05,0.26208508664728924
87,0,0,-0.029016321593033467,-0.004356955989777589,-0.0515657396396918,0.03896868973970413,0.012882943531764113,0.00341292065773402,0.26758702023653314
88,0,0,-0.035364066520187976,0.011260358097615608,-0.045744606140033284,0.062042828649282455,-0.03898237666977877,-0.04360630741945082,0.09289554506540298
89,0,0,-0.032813727196874254,-0.024826914764901176,-0.05033898235545564,0.04396432638168335,-0.018586055295202186,-0.02108425505264222,0.16105864942073822
90,0,0,-0.03082004811001937,-0.02438226102142238,-0.050031954072750295,0.04528901167213917,0.0005771596584338567,-0.009147352045675738,0.22870632633566856
91,0,0,-0.031797148872477976,-0.02143462401654972,-0.0491766182483957,0.048942334949970245,-0.0053175665911098235,-0.015043968065860724,0.199965563006117
92,0,0,-0.029562725535953405,-0.036457718042981924,-0.05015415164110948,0.045176057144999504,0.01166048828890709,0.0023639699338779963,0.26581016840646043
93,0,0,-0.034621622590947254,-0.024528093518426886,-0.05040526544405566,0.04431985877454281,-0.01144370275258666,-0.020715017092570953,0.1887165114749223
94,0,0,-0.03067125270783322,0.02343138412021517,-0.04898505312371526,0.04944743029773235,-0.010431205418989009,-0.01999332979386992,0.19137508451240137
95,0,0,-0.028442335046051426,0.02576538254498928,-0.05079832680389984,0.042121391743421555,-0.03715254590407824,-0.04606070300462761,0.09386425348930061
96,0,3,-0.035695255223267,0.006386158692308186,-0.0466590680441854,0.05087016150355339,-0.12625041363587286,-0.06916501305170186,-0.2393605433171615
97,0,3,-0.027322537524664625,-0.04571483734687121,-0.047734973540642045,0.04698343947529793,-0.12715129976201212,-0.07057218981702107,-0.23612433750531636
98,0,3,-0.03795591283918043,-0.004617039766060316,-0.04425510916829012,0.06080801039934158,-0.12944212893619067,-0.07094939529299182,-0.2468324829096673
99,0,3,-0.03132799940201991,0.027691630542669543,-0.04643575588104909,0.05205315537750721,-0.11126326115461183,-0.07121009554931845,-0.18401794432429597
100,0,3,-0.03363024180739416,0.0090389839794085,-0.04589909172635487,0.05437748692929745,-0.10865989013859689,-0.06720689068055208,-0.18589681386947632
101,0,3,-0.029807940016148393,-0.017771973791326445,-0.05021355551841111,0.03650890477001667,-0.10946043416802809,-0.06991346322178771,-0.17823200684506446
102,0,3,-0.03031675280364965,0.009187713300747191,-0.04614659491431894,0.05330021493136883,-0.13172866780443826,-0.06851960505007071,-0.26340739330044016
103,0,3,-0.03346821593872207,-0.020204084834837488,-0.04654404898489872,0.05185258574783802,-0.09985908666898347,-0.07158823726472896,-0.1371457665518392
104,0,3,-0.030540982941552386,-0.010398195849333547,-0.04695125069339667,0.0502425841987133,-0.11940895252178763,-0.07045057585177972,-0.20956182177178562
105,0,3,-0.03303764058467351,0.021113225377277445,-0.04674238832053845,0.05090651847422123,-0.10697568541668545,-0.07163327603525715,-0.17435583207407035
106,0,3,-0.030090395238044465,-0.01403671640664328,-0.04997064979265531,0.03802690654993057,-0.13411889634336838,-0.07099095304178427,-0.26249940227353363
107,0,3,-0.029815280434764446,-0.04204160844270888,-0.048174284884055396,0.045241206884384155,-0.09508496283977763,-0.07093123923265576,-0.11997177920420654
108,0,3,-0.03374965159346033,-0.028147548266318267,-0.04561632349779643,0.05578416399657726,-0.1236266087412865,-0.06767757625350868,-0.22574521609931253
109,0,3,-0.031207114260684676,0.004744319252431239,-0.04649916491456452,0.051463594660162926,-0.1332086701938593,-0.06804490538707242,-0.26140202063834295
110,0,3,-0.030851678850591924,0.006937338674184446,-0.04461004638521615,0.059996310621500015,-0.09231010856026955,-0.06898622165099155,-0.12100584563449956
111,0,3,-0.03081062773016896,0.03703268809543658,-0.04542610265158942,0.05632132478058338,-0.13395728375129323,-0.07100970113378757,-0.2618001448499854
112,0,3,-0.03231651764728127,-0.017845985603727854,-0.04437801124825924,0.06024336256086826,-0.11168817402837661,-0.07070047927326106,-0.17671965714544058
113,0,3,-0.03046111602220236,-0.0289396757269742,-0.045499543348647364,0.05603557266294956,-0.13164855765711536,-0.07138401938536809,-0.2641405507456511
114,0,3,-0.029451933274543762,-0.017497499804989047,-0.048471684611243404,0.04414031282067299,-0.13502466799113932,-0.07077812712683418,-0.26761722257651854
115,0,3,-0.030567085356207002,-0.004249784279416247,-0.04887730025916426,0.042365243658423424,-0.08231275822554096,-0.06903181279920823,-0.08420419180765748
116,0,3,-0.028184102992991455,-0.01972484245032291,-0.05031925525700842,0.0367586687207222,-0.09038303758854482,-0.0700165815086713,-0.10596285993233323
117,0,3,-0.02870316300341358,-0.0001988017558858246,-0.04852663529325696,0.04384858347475529,-0.09360887229345849,-0.0550037714868683,-0.12344139069318771
118,0,3,-0.029697429241814177,-0.04696074429253372,-0.048642489741936856,0.043515877798199654,-0.10273500613584474,-0.06812000341917823,-0.15548041177680716
119,0,3,-0.03088987736793314,0.018749687980928798,-0.042741874620070064,0.06716519221663475,-0.09702745449529715,-0.06974705698617978,-0.1295836055651307
120,0,3,-0.02912376183171972,-0.014800692664280746,-0.045452389690410655,0.05582903511822224,-0.11186142024391899,-0.07047855076124421,-0.1801390242180787
121,0,3,-0.035068422788505416,-0.015229384348842245,-0.04274502874224595,0.06680090352892876,-0.11395882260207912,-0.07019124896836004,-0.19138023446430452
122,0,3,-0.033501360780064715,0.013388231534406714,-0.050804516169602465,0.034923356026411057,-0.12916787081266534,-0.07055876282160956,-0.25089209398720413
123,0,3,-0.033652262904123376,0.004235652765125053,-0.05005093863248078,0.03795240446925163,-0.12029545759211757,-0.07083598708847916,-0.2124855508445762
124,0,3,-0.03340805273551695,-0.01901600679831006,-0.04485372024321066,0.058838220313191414,-0.12471270664661205,-0.0689687120094753,-0.23510453361086547
125,0,3,-0.03168149676730536,-0.022445266862490598,-0.042883378391735505,0.06663297489285469,-0.10952124831400312,-0.07117438869860138,-0.17726364038753673
126,0,3,-0.031209254067814385,-0.03505112835380686,-0.04555484097097917,0.05501488409936428,-0.10320928458037315,-0.06967270967461303,-0.1485370821901597
127,0,3,-0.03022913395872706,0.03304102116203467,-0.047557797127893764,0.04793069697916508,-0.13491402842639388,-0.07102237640349074,-0.26719245693675475
