metrics_path,task,feedback,d_mem,reward_scale,memory_noise_sigma,max_logged_iter,n_metric_rows,status,last_correct,late50_mean_correct,best_correct,last_theta,min_theta,metrics_mtime
battery_sweep_results/baruni_memnoise/baruni_crossattn1_mn05/metrics.csv,baruni,crossattn1,128,1,0.5,9507,9508,interrupted_or_partial,0.870000,0.860950,0.980000,8.000000,8.000000,2026-07-05T20:26:24
battery_sweep_results/baruni_memnoise/baruni_crossattn1_mn10/metrics.csv,baruni,crossattn1,128,1,1.0,19077,19078,interrupted_or_partial,0.832500,0.814350,0.952500,20.000000,20.000000,2026-07-06T08:43:44
battery_sweep_results/motion_affine_ew_twolstm_mps/metrics.csv,motion_zk,affine_ew,128,1,0,86,87,interrupted_or_partial,0.017500,0.171849,0.806818,65.000000,65.000000,2026-07-05T15:09:11
battery_sweep_results/pod1/ckpt/baruni_affine_ew/metrics.csv,baruni,affine_ew,128,1,0,19999,20000,budget_complete,0.872500,0.877350,0.995000,8.000000,8.000000,2026-07-05T11:50:24
battery_sweep_results/pod1/ckpt/baruni_crossattn1/metrics.csv,baruni,crossattn1,128,1,0,19999,20000,budget_complete,0.897500,0.896050,0.992500,8.000000,8.000000,2026-07-05T12:00:06
battery_sweep_results/pod1/ckpt/krauzlis_affine_ew/metrics.csv,krauzlis,affine_ew,128,1,0,19999,20000,budget_complete,0.727500,0.736100,0.800000,65.000000,65.000000,2026-07-05T05:37:59
battery_sweep_results/pod1/ckpt/krauzlis_crossattn1/metrics.csv,krauzlis,crossattn1,128,1,0,19999,20000,budget_complete,0.747500,0.743400,0.772500,65.000000,65.000000,2026-07-05T05:28:36
battery_sweep_results/pod1/ckpt/luo_maunsell_criterion_affine_ew/metrics.csv,luo_maunsell_criterion,affine_ew,128,1,0,19999,20000,budget_complete,0.775000,0.788500,0.875000,62.000000,62.000000,2026-07-05T05:08:51
battery_sweep_results/pod1/ckpt/luo_maunsell_criterion_crossattn1/metrics.csv,luo_maunsell_criterion,crossattn1,128,1,0,19999,20000,budget_complete,0.850000,0.808750,0.895000,62.000000,62.000000,2026-07-05T05:02:51
battery_sweep_results/pod1/ckpt/luo_maunsell_sensitivity_affine_ew/metrics.csv,luo_maunsell_sensitivity,affine_ew,128,1,0,19999,20000,budget_complete,0.817500,0.834850,0.890000,47.000000,47.000000,2026-07-05T05:24:26
battery_sweep_results/pod1/ckpt/luo_maunsell_sensitivity_crossattn1/metrics.csv,luo_maunsell_sensitivity,crossattn1,128,1,0,19999,20000,budget_complete,0.815000,0.806600,0.890000,44.000000,44.000000,2026-07-05T05:12:31
battery_sweep_results/pod1/ckpt/validity4_affine_ew/metrics.csv,validity4,affine_ew,128,1,0,19999,20000,budget_complete,0.800000,0.815450,0.890000,47.000000,47.000000,2026-07-05T01:33:48
battery_sweep_results/pod1/ckpt/validity4_crossattn1/metrics.csv,validity4,crossattn1,128,1,0,19999,20000,budget_complete,0.845000,0.835000,0.880000,62.000000,62.000000,2026-07-05T01:19:55
battery_sweep_results/pod2/ckpt2/motion_zk_affine_ew_d128/metrics.csv,motion_zk,affine_ew,128,1,0,6322,6323,interrupted_or_partial,0.780000,0.797850,0.817500,65.000000,65.000000,2026-07-05T15:53:53
battery_sweep_results/pod2/ckpt2/motion_zk_crossattn1_d128/metrics.csv,motion_zk,crossattn1,128,1,0,6369,6370,interrupted_or_partial,0.742500,0.745300,0.875000,65.000000,65.000000,2026-07-05T15:53:52
battery_sweep_results/pod2/ckpt2/vda16_affine_ew_d128/metrics.csv,vda16,affine_ew,128,1,0,622,623,interrupted_or_partial,0.457500,0.484850,0.625000,65.000000,65.000000,2026-07-04T15:30:59
battery_sweep_results/pod2/ckpt2/vda16_affine_ew_d256/metrics.csv,vda16,affine_ew,256,1,0,682,683,interrupted_or_partial,0.470000,0.473700,0.625000,65.000000,65.000000,2026-07-04T15:31:01
battery_sweep_results/pod2/ckpt2/vda16_crossattn1_d128/metrics.csv,vda16,crossattn1,128,1,0,686,687,interrupted_or_partial,0.490000,0.468750,0.875000,65.000000,65.000000,2026-07-04T15:30:59
battery_sweep_results/pod2/ckpt2/vda16_crossattn1_d256/metrics.csv,vda16,crossattn1,256,1,0,690,691,interrupted_or_partial,0.480000,0.466950,0.625000,65.000000,65.000000,2026-07-04T15:30:59
battery_sweep_results/pod2/ckpt2/vda1_affine_ew_d128/metrics.csv,vda1,affine_ew,128,1,0,19999,20000,budget_complete,0.800000,0.795200,0.890000,44.000000,44.000000,2026-07-05T06:17:12
battery_sweep_results/pod2/ckpt2/vda1_affine_ew_d256/metrics.csv,vda1,affine_ew,256,1,0,19999,20000,budget_complete,0.820000,0.819700,0.890000,44.000000,44.000000,2026-07-05T05:33:28
battery_sweep_results/pod2/ckpt2/vda1_crossattn1_d128/metrics.csv,vda1,crossattn1,128,1,0,19999,20000,budget_complete,0.837500,0.846650,0.877500,56.000000,56.000000,2026-07-05T06:12:48
battery_sweep_results/pod2/ckpt2/vda1_crossattn1_d256/metrics.csv,vda1,crossattn1,256,1,0,19999,20000,budget_complete,0.820000,0.833100,0.892500,56.000000,56.000000,2026-07-05T05:25:11
battery_sweep_results/pod2/ckpt2/vda2_affine_ew_d128/metrics.csv,vda2,affine_ew,128,1,0,19999,20000,budget_complete,0.815000,0.823400,0.902500,38.000000,38.000000,2026-07-05T04:27:04
battery_sweep_results/pod2/ckpt2/vda2_affine_ew_d128_2x2/metrics.csv,vda2,affine_ew,128,1,0,19999,20000,budget_complete,0.817500,0.811850,0.900000,41.000000,41.000000,2026-07-05T19:18:11
battery_sweep_results/pod2/ckpt2/vda2_affine_ew_d256/metrics.csv,vda2,affine_ew,256,1,0,19999,20000,budget_complete,0.807500,0.809050,0.895000,47.000000,47.000000,2026-07-05T03:48:41
battery_sweep_results/pod2/ckpt2/vda2_crossattn1_d128/metrics.csv,vda2,crossattn1,128,1,0,19999,20000,budget_complete,0.812500,0.833050,0.895000,38.000000,38.000000,2026-07-05T04:09:13
battery_sweep_results/pod2/ckpt2/vda2_crossattn1_d128_2x2/metrics.csv,vda2,crossattn1,128,1,0,19999,20000,budget_complete,0.840000,0.869750,0.890000,44.000000,44.000000,2026-07-05T19:01:24
battery_sweep_results/pod2/ckpt2/vda2_crossattn1_d256/metrics.csv,vda2,crossattn1,256,1,0,19999,20000,budget_complete,0.832500,0.821750,0.890000,53.000000,53.000000,2026-07-05T03:38:32
battery_sweep_results/pod2/ckpt2/vda4_affine_ew_d128/metrics.csv,vda4,affine_ew,128,1,0,19999,20000,budget_complete,0.872500,0.852650,0.895000,50.000000,50.000000,2026-07-05T06:10:29
battery_sweep_results/pod2/ckpt2/vda4_affine_ew_d256/metrics.csv,vda4,affine_ew,256,1,0,19999,20000,budget_complete,0.835000,0.838300,0.895000,41.000000,41.000000,2026-07-05T05:27:31
battery_sweep_results/pod2/ckpt2/vda4_crossattn1_d128/metrics.csv,vda4,crossattn1,128,1,0,19999,20000,budget_complete,0.807500,0.798550,0.882500,44.000000,44.000000,2026-07-05T05:55:47
battery_sweep_results/pod2/ckpt2/vda4_crossattn1_d256/metrics.csv,vda4,crossattn1,256,1,0,19999,20000,budget_complete,0.847500,0.842450,0.885000,47.000000,47.000000,2026-07-05T05:34:06
battery_sweep_results/pod2/ckpt2/vda9_affine_ew_d128/metrics.csv,vda9,affine_ew,128,1,0,19999,20000,budget_complete,0.807500,0.820400,0.902500,47.000000,47.000000,2026-07-05T10:30:48
battery_sweep_results/pod2/ckpt2/vda9_affine_ew_d128_rew10/metrics.csv,vda9,affine_ew,128,10,0,19999,20000,budget_complete,0.502500,0.487450,0.582500,65.000000,65.000000,2026-07-06T00:39:07
battery_sweep_results/pod2/ckpt2/vda9_affine_ew_d256/metrics.csv,vda9,affine_ew,256,1,0,19999,20000,budget_complete,0.820000,0.827750,0.890000,47.000000,47.000000,2026-07-05T10:00:50
battery_sweep_results/pod2/ckpt2/vda9_affine_ew_d256_rew10/metrics.csv,vda9,affine_ew,256,10,0,19999,20000,budget_complete,0.552500,0.567950,0.717500,65.000000,65.000000,2026-07-05T23:51:59
battery_sweep_results/pod2/ckpt2/vda9_crossattn1_d128/metrics.csv,vda9,crossattn1,128,1,0,19999,20000,budget_complete,0.820000,0.834500,0.887500,59.000000,59.000000,2026-07-05T10:50:15
battery_sweep_results/pod2/ckpt2/vda9_crossattn1_d128_rew10/metrics.csv,vda9,crossattn1,128,10,0,19999,20000,budget_complete,0.472500,0.494650,0.580000,65.000000,65.000000,2026-07-06T00:13:05
battery_sweep_results/pod2/ckpt2/vda9_crossattn1_d256/metrics.csv,vda9,crossattn1,256,1,0,19999,20000,budget_complete,0.480000,0.459350,0.582500,65.000000,65.000000,2026-07-05T10:12:27
battery_sweep_results/pod2/ckpt2/vda9_crossattn1_d256_rew10/metrics.csv,vda9,crossattn1,256,10,0,19999,20000,budget_complete,0.827500,0.826550,0.880000,59.000000,59.000000,2026-07-06T00:19:31
battery_sweep_results/pod2/ckpt2/vda_excl_affine_ew_d128/metrics.csv,vda_excl,affine_ew,128,1,0,19999,20000,budget_complete,0.805000,0.809250,0.890000,38.000000,38.000000,2026-07-05T04:22:01
battery_sweep_results/pod2/ckpt2/vda_excl_crossattn1_d128/metrics.csv,vda_excl,crossattn1,128,1,0,19999,20000,budget_complete,0.807500,0.810550,0.895000,38.000000,38.000000,2026-07-05T03:38:09
