model,role,dose,condition,response_rate,mean_rt,dprime,criterion,achieved_change_mass_t5,achieved_change_mass_t6
vda4_affine_ew_grid10x10_seed0,change,0.0,valid,1.0,5.024,4.6092245632990565,-0.5748085003775558,0.007873689755797386,0.04295112192630768
vda4_affine_ew_grid10x10_seed0,change,0.0,invalid,0.064,5.8125,0.22148947562577126,1.6190590434590868,0.007873689755797386,0.04295112192630768
vda4_affine_ew_grid10x10_seed0,change,0.0,nochange,0.04,5.6,,,0.007873689755797386,0.04295112192630768
vda4_affine_ew_grid10x10_seed0,change,0.25,valid,1.0,5.024,4.6092245632990565,-0.5748085003775558,0.08716657012701035,0.2204958200454712
vda4_affine_ew_grid10x10_seed0,change,0.25,invalid,0.668,5.820359281437126,2.162358013179513,0.648624774682216,0.08716657012701035,0.2204958200454712
vda4_affine_ew_grid10x10_seed0,change,0.25,nochange,0.04,5.6,,,0.08716657012701035,0.2204958200454712
vda4_affine_ew_grid10x10_seed0,change,0.5,valid,1.0,5.044,4.8951843850913805,-0.4318285894813938,0.5312022566795349,0.5405747294425964
vda4_affine_ew_grid10x10_seed0,change,0.5,invalid,0.992,5.17741935483871,4.34360892096044,-0.15604085741592377,0.5312022566795349,0.5405747294425964
vda4_affine_ew_grid10x10_seed0,change,0.5,nochange,0.02,5.4,,,0.5312022566795349,0.5405747294425964
vda4_affine_ew_grid10x10_seed0,change,0.75,valid,0.976,5.233606557377049,4.4584044275847265,0.2843505059237901,0.9472370743751526,0.9076167345046997
vda4_affine_ew_grid10x10_seed0,change,0.75,invalid,1.0,5.08,5.392973501743238,-0.18293403115546525,0.9472370743751526,0.9076167345046997
vda4_affine_ew_grid10x10_seed0,change,0.75,nochange,0.004,5.0,,,0.9472370743751526,0.9076167345046997
vda4_affine_ew_grid10x10_seed0,change,1.0,valid,0.304,5.973684210526316,1.8171461921300838,1.4192722218311018,0.9971479177474976,0.9941917061805725
vda4_affine_ew_grid10x10_seed0,change,1.0,invalid,1.0,5.068,5.207266099923228,-0.27578773206547025,0.9971479177474976,0.9941917061805725
vda4_affine_ew_grid10x10_seed0,change,1.0,nochange,0.008,5.5,,,0.9971479177474976,0.9941917061805725
vda4_affine_ew_grid10x10_seed0,cued,0.0,valid,0.064,5.875,1.371106476380883,2.1938675438366424,0.6496564745903015,0.6214876174926758
vda4_affine_ew_grid10x10_seed0,cued,0.0,invalid,0.996,5.128514056224899,5.3929735017432385,0.18293403115546503,0.6496564745903015,0.6214876174926758
vda4_affine_ew_grid10x10_seed0,cued,0.0,nochange,0.0,nan,,,0.6496564745903015,0.6214876174926758
vda4_affine_ew_grid10x10_seed0,cued,0.25,valid,0.932,5.622317596566524,4.357292076190275,0.7007747439319465,0.6419296264648438,0.615036129951477
vda4_affine_ew_grid10x10_seed0,cued,0.25,invalid,0.992,5.125,5.207266099923228,0.27578773206547,0.6419296264648438,0.615036129951477
vda4_affine_ew_grid10x10_seed0,cued,0.25,nochange,0.0,nan,,,0.6419296264648438,0.615036129951477
vda4_affine_ew_grid10x10_seed0,cued,0.5,valid,1.0,5.044,4.8951843850913805,-0.4318285894813938,0.5312022566795349,0.5405747294425964
vda4_affine_ew_grid10x10_seed0,cued,0.5,invalid,0.992,5.17741935483871,4.34360892096044,-0.15604085741592377,0.5312022566795349,0.5405747294425964
vda4_affine_ew_grid10x10_seed0,cued,0.5,nochange,0.02,5.4,,,0.5312022566795349,0.5405747294425964
vda4_affine_ew_grid10x10_seed0,cued,0.75,valid,1.0,5.004,4.300208487167412,-0.7293165384433781,0.170646533370018,0.33904120326042175
vda4_affine_ew_grid10x10_seed0,cued,0.75,invalid,0.872,5.591743119266055,2.549630530105514,0.14597244008757082,0.170646533370018,0.33904120326042175
vda4_affine_ew_grid10x10_seed0,cued,0.75,nochange,0.076,5.631578947368421,,,0.170646533370018,0.33904120326042175
vda4_affine_ew_grid10x10_seed0,cued,1.0,valid,1.0,5.004,4.273324724705759,-0.7427584196742048,0.020250817760825157,0.08536335080862045
vda4_affine_ew_grid10x10_seed0,cued,1.0,invalid,0.228,5.859649122807017,0.6520359674506552,1.067885958953347,0.020250817760825157,0.08536335080862045
vda4_affine_ew_grid10x10_seed0,cued,1.0,nochange,0.08,5.6,,,0.020250817760825157,0.08536335080862045
vda4_affine_ew_grid10x10_seed0,control,0.0,valid,1.0,5.02,4.655637455228613,-0.5516020544127779,0.603969156742096,0.5721682906150818
vda4_affine_ew_grid10x10_seed0,control,0.0,invalid,0.992,5.125,4.104061991097672,-0.27581432234730785,0.603969156742096,0.5721682906150818
vda4_affine_ew_grid10x10_seed0,control,0.0,nochange,0.036,5.555555555555555,,,0.603969156742096,0.5721682906150818
vda4_affine_ew_grid10x10_seed0,control,0.25,valid,1.0,5.024,4.655637455228613,-0.5516020544127779,0.5999415516853333,0.5701066851615906
vda4_affine_ew_grid10x10_seed0,control,0.25,invalid,0.992,5.125,4.104061991097672,-0.27581432234730785,0.5999415516853333,0.5701066851615906
vda4_affine_ew_grid10x10_seed0,control,0.25,nochange,0.036,5.555555555555555,,,0.5999415516853333,0.5701066851615906
vda4_affine_ew_grid10x10_seed0,control,0.5,valid,1.0,5.044,4.8951843850913805,-0.4318285894813938,0.5312022566795349,0.5405747294425964
vda4_affine_ew_grid10x10_seed0,control,0.5,invalid,0.992,5.17741935483871,4.34360892096044,-0.15604085741592377,0.5312022566795349,0.5405747294425964
vda4_affine_ew_grid10x10_seed0,control,0.5,nochange,0.02,5.4,,,0.5312022566795349,0.5405747294425964
vda4_affine_ew_grid10x10_seed0,control,0.75,valid,0.984,5.2317073170731705,4.612102880647479,0.20750127939241403,0.19054335355758667,0.38530784845352173
vda4_affine_ew_grid10x10_seed0,control,0.75,invalid,0.852,5.605633802816901,3.552552623796859,0.7372764078177241,0.19054335355758667,0.38530784845352173
vda4_affine_ew_grid10x10_seed0,control,0.75,nochange,0.004,6.0,,,0.19054335355758667,0.38530784845352173
vda4_affine_ew_grid10x10_seed0,control,1.0,valid,0.352,5.965909090909091,2.1352144008115053,1.445945519310401,0.020970260724425316,0.07301802188158035
vda4_affine_ew_grid10x10_seed0,control,1.0,invalid,0.068,6.0,1.0356814255529625,1.9957120069396723,0.020970260724425316,0.07301802188158035
vda4_affine_ew_grid10x10_seed0,control,1.0,nochange,0.004,6.0,,,0.020970260724425316,0.07301802188158035
