env,routing,condition,displayed_validity,alpha,beta,gamma,lam,converged,n_trials_per_point,active_items,source_path,source_sha256,checkpoint_sha256
vda4,affine_ew,valid,0.25,12.102238616701927,3.4446089245324303,0.030073040600857477,4.937777946968578e-25,True,300,4,reports\vda_series\first_wave\data\psychometric_vda4_affine_ew.npz,04ef61215fca4e0de63b72d2e69a551646c2977d802b173403658bce494dacec,2341026363e6e1d2115a34a8ad9a91a73e385aab4a223aace763529e4047e085
vda4,affine_ew,invalid,0.25,15.40769638875541,3.107964644198716,0.057949163261447396,6.1415088998177714e-27,True,300,4,reports\vda_series\first_wave\data\psychometric_vda4_affine_ew.npz,04ef61215fca4e0de63b72d2e69a551646c2977d802b173403658bce494dacec,2341026363e6e1d2115a34a8ad9a91a73e385aab4a223aace763529e4047e085
vda4,affine_ew,valid,0.5,11.989862537438945,3.1937638830174775,0.04617326529978399,3.9307159338791376e-25,True,300,4,reports\vda_series\first_wave\data\psychometric_vda4_affine_ew.npz,04ef61215fca4e0de63b72d2e69a551646c2977d802b173403658bce494dacec,2341026363e6e1d2115a34a8ad9a91a73e385aab4a223aace763529e4047e085
vda4,affine_ew,invalid,0.5,15.410921095045031,3.274732876690595,0.07374937555418314,8.842719121335036e-19,True,300,4,reports\vda_series\first_wave\data\psychometric_vda4_affine_ew.npz,04ef61215fca4e0de63b72d2e69a551646c2977d802b173403658bce494dacec,2341026363e6e1d2115a34a8ad9a91a73e385aab4a223aace763529e4047e085
vda4,affine_ew,valid,0.75,11.625445896676302,3.407490015520199,0.04264588347873885,2.1160192875837097e-22,True,300,4,reports\vda_series\first_wave\data\psychometric_vda4_affine_ew.npz,04ef61215fca4e0de63b72d2e69a551646c2977d802b173403658bce494dacec,2341026363e6e1d2115a34a8ad9a91a73e385aab4a223aace763529e4047e085
vda4,affine_ew,invalid,0.75,15.042038804947591,3.5423606999290986,0.05269199205076753,2.243870633349507e-20,True,300,4,reports\vda_series\first_wave\data\psychometric_vda4_affine_ew.npz,04ef61215fca4e0de63b72d2e69a551646c2977d802b173403658bce494dacec,2341026363e6e1d2115a34a8ad9a91a73e385aab4a223aace763529e4047e085
vda4,affine_ew,valid,1.0,11.936070640372504,3.474480432115397,0.03343725323428526,3.920346327375431e-23,True,300,4,reports\vda_series\first_wave\data\psychometric_vda4_affine_ew.npz,04ef61215fca4e0de63b72d2e69a551646c2977d802b173403658bce494dacec,2341026363e6e1d2115a34a8ad9a91a73e385aab4a223aace763529e4047e085
vda4,affine_ew,invalid,1.0,14.995955159258836,3.615910255809547,0.05033852539421502,9.89760928077585e-20,True,300,4,reports\vda_series\first_wave\data\psychometric_vda4_affine_ew.npz,04ef61215fca4e0de63b72d2e69a551646c2977d802b173403658bce494dacec,2341026363e6e1d2115a34a8ad9a91a73e385aab4a223aace763529e4047e085
vda4,crossattn1,valid,0.25,12.360475045006249,3.264883627282308,0.006393981156353415,1.399477968315193e-27,True,300,4,reports\vda_series\first_wave\data\psychometric_vda4_crossattn1.npz,4ee7debfb0ef95bea7dadc4a2fbf71a45cb01fb0f82e3d49f2c71c8af9f2ad62,1a2fa8ae2a57982b6c91dc75079d8293781ce843271b92fe3cfbe5fc16137155
vda4,crossattn1,invalid,0.25,16.71641882491609,3.3366866830884234,0.03025968554407133,1.4368384841896763e-21,True,300,4,reports\vda_series\first_wave\data\psychometric_vda4_crossattn1.npz,4ee7debfb0ef95bea7dadc4a2fbf71a45cb01fb0f82e3d49f2c71c8af9f2ad62,1a2fa8ae2a57982b6c91dc75079d8293781ce843271b92fe3cfbe5fc16137155
vda4,crossattn1,valid,0.5,12.206531903113252,3.354781582773909,0.013898617607831775,2.9024740540394728e-21,True,300,4,reports\vda_series\first_wave\data\psychometric_vda4_crossattn1.npz,4ee7debfb0ef95bea7dadc4a2fbf71a45cb01fb0f82e3d49f2c71c8af9f2ad62,1a2fa8ae2a57982b6c91dc75079d8293781ce843271b92fe3cfbe5fc16137155
vda4,crossattn1,invalid,0.5,17.168753414370475,3.438978140208298,0.037667863602704396,5.4640832942965006e-18,True,300,4,reports\vda_series\first_wave\data\psychometric_vda4_crossattn1.npz,4ee7debfb0ef95bea7dadc4a2fbf71a45cb01fb0f82e3d49f2c71c8af9f2ad62,1a2fa8ae2a57982b6c91dc75079d8293781ce843271b92fe3cfbe5fc16137155
vda4,crossattn1,valid,0.75,12.010317130019356,3.3208263735828476,0.036109950864858575,1.287522476387539e-22,True,300,4,reports\vda_series\first_wave\data\psychometric_vda4_crossattn1.npz,4ee7debfb0ef95bea7dadc4a2fbf71a45cb01fb0f82e3d49f2c71c8af9f2ad62,1a2fa8ae2a57982b6c91dc75079d8293781ce843271b92fe3cfbe5fc16137155
vda4,crossattn1,invalid,0.75,17.281736605403694,3.242714762326623,0.04719190831080442,0.0039972737218699,True,300,4,reports\vda_series\first_wave\data\psychometric_vda4_crossattn1.npz,4ee7debfb0ef95bea7dadc4a2fbf71a45cb01fb0f82e3d49f2c71c8af9f2ad62,1a2fa8ae2a57982b6c91dc75079d8293781ce843271b92fe3cfbe5fc16137155
vda4,crossattn1,valid,1.0,12.697064083848858,3.2325461978659646,0.03977134379058358,1.4708621663542825e-18,True,300,4,reports\vda_series\first_wave\data\psychometric_vda4_crossattn1.npz,4ee7debfb0ef95bea7dadc4a2fbf71a45cb01fb0f82e3d49f2c71c8af9f2ad62,1a2fa8ae2a57982b6c91dc75079d8293781ce843271b92fe3cfbe5fc16137155
vda4,crossattn1,invalid,1.0,17.493070563009564,3.1910207543635596,0.054055511928812694,1.2224052868377473e-21,True,300,4,reports\vda_series\first_wave\data\psychometric_vda4_crossattn1.npz,4ee7debfb0ef95bea7dadc4a2fbf71a45cb01fb0f82e3d49f2c71c8af9f2ad62,1a2fa8ae2a57982b6c91dc75079d8293781ce843271b92fe3cfbe5fc16137155
vda4_grid4x4,crossattn1,valid,0.25,14.49443696951803,3.517422401508389,0.02180700266591793,3.7419016135408196e-20,True,300,4,reports\vda_series\first_wave\data\psychometric_vda4_grid4x4_crossattn1.npz,3bc710184b5b7893ed398efca214ef8bfa59eea64fbaf0003f63b67fc3e1744a,306ce94d44461ea85cd0aced5a84eb210457f718d3f2e4ebf85e46ee1922e4bf
vda4_grid4x4,crossattn1,invalid,0.25,17.922466484670803,3.787620103569587,0.035731941966601795,8.50023361962673e-24,True,300,4,reports\vda_series\first_wave\data\psychometric_vda4_grid4x4_crossattn1.npz,3bc710184b5b7893ed398efca214ef8bfa59eea64fbaf0003f63b67fc3e1744a,306ce94d44461ea85cd0aced5a84eb210457f718d3f2e4ebf85e46ee1922e4bf
vda4_grid4x4,crossattn1,valid,0.5,14.058469108685944,3.283008252411946,0.0127193326997759,2.0977054694438688e-16,True,300,4,reports\vda_series\first_wave\data\psychometric_vda4_grid4x4_crossattn1.npz,3bc710184b5b7893ed398efca214ef8bfa59eea64fbaf0003f63b67fc3e1744a,306ce94d44461ea85cd0aced5a84eb210457f718d3f2e4ebf85e46ee1922e4bf
vda4_grid4x4,crossattn1,invalid,0.5,18.25709263380428,3.6148672499915926,0.03682233020000991,1.0542274631922979e-17,True,300,4,reports\vda_series\first_wave\data\psychometric_vda4_grid4x4_crossattn1.npz,3bc710184b5b7893ed398efca214ef8bfa59eea64fbaf0003f63b67fc3e1744a,306ce94d44461ea85cd0aced5a84eb210457f718d3f2e4ebf85e46ee1922e4bf
vda4_grid4x4,crossattn1,valid,0.75,14.425671315776466,3.2908494852295824,0.04595906530536169,6.057206848202152e-19,True,300,4,reports\vda_series\first_wave\data\psychometric_vda4_grid4x4_crossattn1.npz,3bc710184b5b7893ed398efca214ef8bfa59eea64fbaf0003f63b67fc3e1744a,306ce94d44461ea85cd0aced5a84eb210457f718d3f2e4ebf85e46ee1922e4bf
vda4_grid4x4,crossattn1,invalid,0.75,18.745435772220887,3.7252526117266496,0.03143932262964555,5.562967334003839e-22,True,300,4,reports\vda_series\first_wave\data\psychometric_vda4_grid4x4_crossattn1.npz,3bc710184b5b7893ed398efca214ef8bfa59eea64fbaf0003f63b67fc3e1744a,306ce94d44461ea85cd0aced5a84eb210457f718d3f2e4ebf85e46ee1922e4bf
vda4_grid4x4,crossattn1,valid,1.0,13.510078299172443,3.4673107878809835,0.008545504320506169,5.2273342768164734e-20,True,300,4,reports\vda_series\first_wave\data\psychometric_vda4_grid4x4_crossattn1.npz,3bc710184b5b7893ed398efca214ef8bfa59eea64fbaf0003f63b67fc3e1744a,306ce94d44461ea85cd0aced5a84eb210457f718d3f2e4ebf85e46ee1922e4bf
vda4_grid4x4,crossattn1,invalid,1.0,19.082438936119487,3.966766075794964,0.017619005476683793,0.008724024832317046,True,300,4,reports\vda_series\first_wave\data\psychometric_vda4_grid4x4_crossattn1.npz,3bc710184b5b7893ed398efca214ef8bfa59eea64fbaf0003f63b67fc3e1744a,306ce94d44461ea85cd0aced5a84eb210457f718d3f2e4ebf85e46ee1922e4bf
vda9,affine_ew,valid,0.25,13.437004859147931,2.9043420547173815,0.04451251930357331,6.565983593782386e-25,True,300,9,RViT_plus_paper_jepa_grid9\reports\vda_series\first_wave_20260711_production\data\psychometric_vda9_affine_ew.npz,39ecd75e7ac25a54305b798aac9519d6eb46161bc323bf3855a4d7a0e1ccfb9b,22f028f6232d9c3ea040019aff357645ddcaa69e4a09c2f8ceff224ea568d8d7
vda9,affine_ew,invalid,0.25,16.237387128349738,3.1674824931794254,0.04552791474876406,1.176200075765007e-18,True,300,9,RViT_plus_paper_jepa_grid9\reports\vda_series\first_wave_20260711_production\data\psychometric_vda9_affine_ew.npz,39ecd75e7ac25a54305b798aac9519d6eb46161bc323bf3855a4d7a0e1ccfb9b,22f028f6232d9c3ea040019aff357645ddcaa69e4a09c2f8ceff224ea568d8d7
vda9,affine_ew,valid,0.5,12.026255689276256,2.9573903517191247,0.033291971940789006,1.1418573936200516e-19,True,300,9,RViT_plus_paper_jepa_grid9\reports\vda_series\first_wave_20260711_production\data\psychometric_vda9_affine_ew.npz,39ecd75e7ac25a54305b798aac9519d6eb46161bc323bf3855a4d7a0e1ccfb9b,22f028f6232d9c3ea040019aff357645ddcaa69e4a09c2f8ceff224ea568d8d7
vda9,affine_ew,invalid,0.5,17.185775403513254,3.146016625501914,0.04411650763112716,4.439600894904915e-18,True,300,9,RViT_plus_paper_jepa_grid9\reports\vda_series\first_wave_20260711_production\data\psychometric_vda9_affine_ew.npz,39ecd75e7ac25a54305b798aac9519d6eb46161bc323bf3855a4d7a0e1ccfb9b,22f028f6232d9c3ea040019aff357645ddcaa69e4a09c2f8ceff224ea568d8d7
vda9,affine_ew,valid,0.75,11.482807572119171,2.9761200337961884,0.029528351875923033,1.0738825111105883e-23,True,300,9,RViT_plus_paper_jepa_grid9\reports\vda_series\first_wave_20260711_production\data\psychometric_vda9_affine_ew.npz,39ecd75e7ac25a54305b798aac9519d6eb46161bc323bf3855a4d7a0e1ccfb9b,22f028f6232d9c3ea040019aff357645ddcaa69e4a09c2f8ceff224ea568d8d7
vda9,affine_ew,invalid,0.75,18.00593877818594,3.267610640220411,0.0464584478995828,1.1947238197298442e-23,True,300,9,RViT_plus_paper_jepa_grid9\reports\vda_series\first_wave_20260711_production\data\psychometric_vda9_affine_ew.npz,39ecd75e7ac25a54305b798aac9519d6eb46161bc323bf3855a4d7a0e1ccfb9b,22f028f6232d9c3ea040019aff357645ddcaa69e4a09c2f8ceff224ea568d8d7
vda9,affine_ew,valid,1.0,11.355560502873102,2.9708934205498156,0.03552052811454825,6.034164748947172e-22,True,300,9,RViT_plus_paper_jepa_grid9\reports\vda_series\first_wave_20260711_production\data\psychometric_vda9_affine_ew.npz,39ecd75e7ac25a54305b798aac9519d6eb46161bc323bf3855a4d7a0e1ccfb9b,22f028f6232d9c3ea040019aff357645ddcaa69e4a09c2f8ceff224ea568d8d7
vda9,affine_ew,invalid,1.0,18.40747325501472,3.215057200221118,0.051903742591293295,6.060295038015099e-22,True,300,9,RViT_plus_paper_jepa_grid9\reports\vda_series\first_wave_20260711_production\data\psychometric_vda9_affine_ew.npz,39ecd75e7ac25a54305b798aac9519d6eb46161bc323bf3855a4d7a0e1ccfb9b,22f028f6232d9c3ea040019aff357645ddcaa69e4a09c2f8ceff224ea568d8d7
vda9,crossattn1,valid,0.25,14.859384786388851,4.127283386914787,0.04880177607531139,6.158066356549311e-22,True,300,9,RViT_plus_paper_jepa_grid9\reports\vda_series\first_wave_20260711_production\data\psychometric_vda9_crossattn1.npz,b64af40a14b85cfa00d6ae8c19f6205e03c0579574bf87947106374a796cfa04,6c0587201cd2bf99b43e02278d4c65b03ab79d9b1f811406fc4962d962714946
vda9,crossattn1,invalid,0.25,17.52089823670703,4.4540307574352855,0.051915940791003194,5.462166501363525e-21,True,300,9,RViT_plus_paper_jepa_grid9\reports\vda_series\first_wave_20260711_production\data\psychometric_vda9_crossattn1.npz,b64af40a14b85cfa00d6ae8c19f6205e03c0579574bf87947106374a796cfa04,6c0587201cd2bf99b43e02278d4c65b03ab79d9b1f811406fc4962d962714946
vda9,crossattn1,valid,0.5,13.148423175706512,3.9241352732309207,0.03375281960790408,3.5273188191446587e-15,True,300,9,RViT_plus_paper_jepa_grid9\reports\vda_series\first_wave_20260711_production\data\psychometric_vda9_crossattn1.npz,b64af40a14b85cfa00d6ae8c19f6205e03c0579574bf87947106374a796cfa04,6c0587201cd2bf99b43e02278d4c65b03ab79d9b1f811406fc4962d962714946
vda9,crossattn1,invalid,0.5,18.844104582830507,4.652535290207156,0.053572095264668836,8.56380370903898e-21,True,300,9,RViT_plus_paper_jepa_grid9\reports\vda_series\first_wave_20260711_production\data\psychometric_vda9_crossattn1.npz,b64af40a14b85cfa00d6ae8c19f6205e03c0579574bf87947106374a796cfa04,6c0587201cd2bf99b43e02278d4c65b03ab79d9b1f811406fc4962d962714946
vda9,crossattn1,valid,0.75,12.866065939874604,3.921847228009394,0.038099495354448946,4.8528258311023893e-20,True,300,9,RViT_plus_paper_jepa_grid9\reports\vda_series\first_wave_20260711_production\data\psychometric_vda9_crossattn1.npz,b64af40a14b85cfa00d6ae8c19f6205e03c0579574bf87947106374a796cfa04,6c0587201cd2bf99b43e02278d4c65b03ab79d9b1f811406fc4962d962714946
vda9,crossattn1,invalid,0.75,19.88668928755746,4.677110344642464,0.06160287166195727,0.001844568391603777,True,300,9,RViT_plus_paper_jepa_grid9\reports\vda_series\first_wave_20260711_production\data\psychometric_vda9_crossattn1.npz,b64af40a14b85cfa00d6ae8c19f6205e03c0579574bf87947106374a796cfa04,6c0587201cd2bf99b43e02278d4c65b03ab79d9b1f811406fc4962d962714946
vda9,crossattn1,valid,1.0,13.143134978345397,3.907335021726801,0.02532397185636256,6.731380245143024e-19,True,300,9,RViT_plus_paper_jepa_grid9\reports\vda_series\first_wave_20260711_production\data\psychometric_vda9_crossattn1.npz,b64af40a14b85cfa00d6ae8c19f6205e03c0579574bf87947106374a796cfa04,6c0587201cd2bf99b43e02278d4c65b03ab79d9b1f811406fc4962d962714946
vda9,crossattn1,invalid,1.0,21.16751125704446,4.411616961582977,0.055973900728346085,0.12309283091542088,True,300,9,RViT_plus_paper_jepa_grid9\reports\vda_series\first_wave_20260711_production\data\psychometric_vda9_crossattn1.npz,b64af40a14b85cfa00d6ae8c19f6205e03c0579574bf87947106374a796cfa04,6c0587201cd2bf99b43e02278d4c65b03ab79d9b1f811406fc4962d962714946
vda16,crossattn1,valid,0.25,18.957519516974735,4.334410839211738,0.032436390144707165,0.029014410073774605,True,300,16,RViT_plus_paper_jepa_grid9\reports\vda_series\vda16_crossattn_nodecay_20260719_production\data\psychometric_vda16_crossattn1.npz,4416440472a17350faf368000740af45ae3f81a340b11e3e8a1dc94cff632c23,b40d9aa49ec28c352d7a790de84f5902e1a307f7b2abe5fe68dc9e6aabb4f84d
vda16,crossattn1,invalid,0.25,23.46163624726949,5.453836105411068,0.033407139153630555,0.10449407159576851,True,300,16,RViT_plus_paper_jepa_grid9\reports\vda_series\vda16_crossattn_nodecay_20260719_production\data\psychometric_vda16_crossattn1.npz,4416440472a17350faf368000740af45ae3f81a340b11e3e8a1dc94cff632c23,b40d9aa49ec28c352d7a790de84f5902e1a307f7b2abe5fe68dc9e6aabb4f84d
vda16,crossattn1,valid,0.5,16.015094368581853,4.460123565765156,0.0063101985627511065,3.739278559533192e-17,True,300,16,RViT_plus_paper_jepa_grid9\reports\vda_series\vda16_crossattn_nodecay_20260719_production\data\psychometric_vda16_crossattn1.npz,4416440472a17350faf368000740af45ae3f81a340b11e3e8a1dc94cff632c23,b40d9aa49ec28c352d7a790de84f5902e1a307f7b2abe5fe68dc9e6aabb4f84d
vda16,crossattn1,invalid,0.5,26.6514253049118,5.733176813507917,0.01720946287859439,0.17772072212179724,True,300,16,RViT_plus_paper_jepa_grid9\reports\vda_series\vda16_crossattn_nodecay_20260719_production\data\psychometric_vda16_crossattn1.npz,4416440472a17350faf368000740af45ae3f81a340b11e3e8a1dc94cff632c23,b40d9aa49ec28c352d7a790de84f5902e1a307f7b2abe5fe68dc9e6aabb4f84d
vda16,crossattn1,valid,0.75,16.043701146811127,4.440523430596752,0.009987235992094577,1.270118250068372e-19,True,300,16,RViT_plus_paper_jepa_grid9\reports\vda_series\vda16_crossattn_nodecay_20260719_production\data\psychometric_vda16_crossattn1.npz,4416440472a17350faf368000740af45ae3f81a340b11e3e8a1dc94cff632c23,b40d9aa49ec28c352d7a790de84f5902e1a307f7b2abe5fe68dc9e6aabb4f84d
vda16,crossattn1,invalid,0.75,26.928171913875005,5.572171570666085,0.018694023808263256,0.18703860411661055,True,300,16,RViT_plus_paper_jepa_grid9\reports\vda_series\vda16_crossattn_nodecay_20260719_production\data\psychometric_vda16_crossattn1.npz,4416440472a17350faf368000740af45ae3f81a340b11e3e8a1dc94cff632c23,b40d9aa49ec28c352d7a790de84f5902e1a307f7b2abe5fe68dc9e6aabb4f84d
vda16,crossattn1,valid,1.0,15.925316348529073,4.392951015329688,0.005378113597192463,1.0406716055084012e-17,True,300,16,RViT_plus_paper_jepa_grid9\reports\vda_series\vda16_crossattn_nodecay_20260719_production\data\psychometric_vda16_crossattn1.npz,4416440472a17350faf368000740af45ae3f81a340b11e3e8a1dc94cff632c23,b40d9aa49ec28c352d7a790de84f5902e1a307f7b2abe5fe68dc9e6aabb4f84d
vda16,crossattn1,invalid,1.0,27.934826986131778,5.933104044739114,0.015246838690321026,0.1444840816194518,True,300,16,RViT_plus_paper_jepa_grid9\reports\vda_series\vda16_crossattn_nodecay_20260719_production\data\psychometric_vda16_crossattn1.npz,4416440472a17350faf368000740af45ae3f81a340b11e3e8a1dc94cff632c23,b40d9aa49ec28c352d7a790de84f5902e1a307f7b2abe5fe68dc9e6aabb4f84d
vda16,affine_ew,valid,0.25,12.031086237469792,3.27650016668218,0.027561421083859738,1.1350638792474953e-26,True,300,16,RViT_plus_paper_jepa_grid9\reports\vda_series\vda16_affine_nodecay_20260720_production\data\psychometric_vda16_affine_ew.npz,6e80e25d774f27ab091e7aaf45307f27c9210fbf6c78f292b66ff6ee7edd5e6c,52141da629e2c7f8f902826196067efbadb924608eecde7560559fdc0f813233
vda16,affine_ew,invalid,0.25,17.939596204946383,3.1440911161708884,0.0292958078995755,0.001195236206343426,True,300,16,RViT_plus_paper_jepa_grid9\reports\vda_series\vda16_affine_nodecay_20260720_production\data\psychometric_vda16_affine_ew.npz,6e80e25d774f27ab091e7aaf45307f27c9210fbf6c78f292b66ff6ee7edd5e6c,52141da629e2c7f8f902826196067efbadb924608eecde7560559fdc0f813233
vda16,affine_ew,valid,0.5,11.863606052725691,3.304333273865001,0.028376130706829702,2.0789590021570694e-26,True,300,16,RViT_plus_paper_jepa_grid9\reports\vda_series\vda16_affine_nodecay_20260720_production\data\psychometric_vda16_affine_ew.npz,6e80e25d774f27ab091e7aaf45307f27c9210fbf6c78f292b66ff6ee7edd5e6c,52141da629e2c7f8f902826196067efbadb924608eecde7560559fdc0f813233
vda16,affine_ew,invalid,0.5,17.964713535876747,3.1353866477091046,0.03251821094296716,0.0014425616789033129,True,300,16,RViT_plus_paper_jepa_grid9\reports\vda_series\vda16_affine_nodecay_20260720_production\data\psychometric_vda16_affine_ew.npz,6e80e25d774f27ab091e7aaf45307f27c9210fbf6c78f292b66ff6ee7edd5e6c,52141da629e2c7f8f902826196067efbadb924608eecde7560559fdc0f813233
vda16,affine_ew,valid,0.75,11.761075969780835,3.2992671811852436,0.03289852476838435,1.3479843993463632e-25,True,300,16,RViT_plus_paper_jepa_grid9\reports\vda_series\vda16_affine_nodecay_20260720_production\data\psychometric_vda16_affine_ew.npz,6e80e25d774f27ab091e7aaf45307f27c9210fbf6c78f292b66ff6ee7edd5e6c,52141da629e2c7f8f902826196067efbadb924608eecde7560559fdc0f813233
vda16,affine_ew,invalid,0.75,17.97764548601752,3.1148058196334767,0.0347024952371502,0.00222524857348922,True,300,16,RViT_plus_paper_jepa_grid9\reports\vda_series\vda16_affine_nodecay_20260720_production\data\psychometric_vda16_affine_ew.npz,6e80e25d774f27ab091e7aaf45307f27c9210fbf6c78f292b66ff6ee7edd5e6c,52141da629e2c7f8f902826196067efbadb924608eecde7560559fdc0f813233
vda16,affine_ew,valid,1.0,11.664458440719631,3.3039598281735767,0.031401683385037016,1.0002847229134387e-25,True,300,16,RViT_plus_paper_jepa_grid9\reports\vda_series\vda16_affine_nodecay_20260720_production\data\psychometric_vda16_affine_ew.npz,6e80e25d774f27ab091e7aaf45307f27c9210fbf6c78f292b66ff6ee7edd5e6c,52141da629e2c7f8f902826196067efbadb924608eecde7560559fdc0f813233
vda16,affine_ew,invalid,1.0,17.97764548601752,3.1148058196334767,0.0347024952371502,0.00222524857348922,True,300,16,RViT_plus_paper_jepa_grid9\reports\vda_series\vda16_affine_nodecay_20260720_production\data\psychometric_vda16_affine_ew.npz,6e80e25d774f27ab091e7aaf45307f27c9210fbf6c78f292b66ff6ee7edd5e6c,52141da629e2c7f8f902826196067efbadb924608eecde7560559fdc0f813233
